[Mon Jun 08 09:21:41.305758 2026] [ssl:warn] [pid 4936:tid 388] AH01909: www.example.com:443:0 server certificate does NOT include an ID which matches the server name
[Mon Jun 08 09:21:41.350698 2026] [ssl:warn] [pid 4936:tid 388] AH01909: www.example.com:443:0 server certificate does NOT include an ID which matches the server name
[Mon Jun 08 09:21:41.632374 2026] [mpm_winnt:notice] [pid 4936:tid 388] AH00455: Apache/2.4.58 (Win64) OpenSSL/3.1.3 PHP/8.2.12 configured -- resuming normal operations
[Mon Jun 08 09:21:41.632374 2026] [mpm_winnt:notice] [pid 4936:tid 388] AH00456: Apache Lounge VS17 Server built: Oct 18 2023 13:03:18
[Mon Jun 08 09:21:41.632374 2026] [core:notice] [pid 4936:tid 388] AH00094: Command line: 'c:\\users\\luissaavaz\\desktop\\efdesarrolloweb\\servidor\\apache\\bin\\httpd.exe -d C:/Users/luissaavaz/Desktop/efdesarrolloweb/Servidor/apache'
[Mon Jun 08 09:21:41.632374 2026] [mpm_winnt:notice] [pid 4936:tid 388] AH00418: Parent: Created child process 15724
[Mon Jun 08 09:21:41.901453 2026] [ssl:warn] [pid 15724:tid 352] AH01909: www.example.com:443:0 server certificate does NOT include an ID which matches the server name
[Mon Jun 08 09:21:41.946890 2026] [ssl:warn] [pid 15724:tid 352] AH01909: www.example.com:443:0 server certificate does NOT include an ID which matches the server name
[Mon Jun 08 09:21:41.977157 2026] [mpm_winnt:notice] [pid 15724:tid 352] AH00354: Child: Starting 150 worker threads.
[Mon Jun 08 09:43:44.432645 2026] [php:error] [pid 15724:tid 1912] [client ::1:59023] PHP Fatal error:  Uncaught ArgumentCountError: password_hash() expects at least 2 arguments, 1 given in C:\\Users\\luissaavaz\\Desktop\\efdesarrolloweb\\Servidor\\htdocs\\encriptar\\1.php:8\nStack trace:\n#0 C:\\Users\\luissaavaz\\Desktop\\efdesarrolloweb\\Servidor\\htdocs\\encriptar\\1.php(8): password_hash(Object(SensitiveParameterValue))\n#1 {main}\n  thrown in C:\\Users\\luissaavaz\\Desktop\\efdesarrolloweb\\Servidor\\htdocs\\encriptar\\1.php on line 8
[Mon Jun 08 10:22:46.404410 2026] [php:warn] [pid 15724:tid 1912] [client ::1:65034] PHP Warning:  Undefined array key "descripcion" in C:\\Users\\luissaavaz\\Desktop\\efdesarrolloweb\\Servidor\\htdocs\\variables\\grabaProductos.php on line 4, referer: http://localhost/encriptar/2.php
[Mon Jun 08 10:22:46.404410 2026] [php:warn] [pid 15724:tid 1912] [client ::1:65034] PHP Warning:  Undefined array key "precio" in C:\\Users\\luissaavaz\\Desktop\\efdesarrolloweb\\Servidor\\htdocs\\variables\\grabaProductos.php on line 5, referer: http://localhost/encriptar/2.php
[Mon Jun 08 10:22:46.406299 2026] [php:error] [pid 15724:tid 1912] [client ::1:65034] PHP Fatal error:  Uncaught mysqli_sql_exception: Unknown database 'primera' in C:\\Users\\luissaavaz\\Desktop\\efdesarrolloweb\\Servidor\\htdocs\\variables\\grabaProductos.php:8\nStack trace:\n#0 C:\\Users\\luissaavaz\\Desktop\\efdesarrolloweb\\Servidor\\htdocs\\variables\\grabaProductos.php(8): mysqli->__construct('localhost', 'root', Object(SensitiveParameterValue), 'primera')\n#1 {main}\n  thrown in C:\\Users\\luissaavaz\\Desktop\\efdesarrolloweb\\Servidor\\htdocs\\variables\\grabaProductos.php on line 8, referer: http://localhost/encriptar/2.php
[Mon Jun 08 10:24:03.530605 2026] [php:warn] [pid 15724:tid 1912] [client ::1:49748] PHP Warning:  Undefined array key "descripcion" in C:\\Users\\luissaavaz\\Desktop\\efdesarrolloweb\\Servidor\\htdocs\\variables\\grabaProductos.php on line 4, referer: http://localhost/encriptar/2.php
[Mon Jun 08 10:24:03.530605 2026] [php:warn] [pid 15724:tid 1912] [client ::1:49748] PHP Warning:  Undefined array key "precio" in C:\\Users\\luissaavaz\\Desktop\\efdesarrolloweb\\Servidor\\htdocs\\variables\\grabaProductos.php on line 5, referer: http://localhost/encriptar/2.php
[Mon Jun 08 10:24:03.545663 2026] [php:error] [pid 15724:tid 1912] [client ::1:49748] PHP Fatal error:  Uncaught mysqli_sql_exception: Unknown database 'primera' in C:\\Users\\luissaavaz\\Desktop\\efdesarrolloweb\\Servidor\\htdocs\\variables\\grabaProductos.php:8\nStack trace:\n#0 C:\\Users\\luissaavaz\\Desktop\\efdesarrolloweb\\Servidor\\htdocs\\variables\\grabaProductos.php(8): mysqli->__construct('localhost', 'root', Object(SensitiveParameterValue), 'primera')\n#1 {main}\n  thrown in C:\\Users\\luissaavaz\\Desktop\\efdesarrolloweb\\Servidor\\htdocs\\variables\\grabaProductos.php on line 8, referer: http://localhost/encriptar/2.php
[Mon Jun 08 10:24:25.304562 2026] [php:warn] [pid 15724:tid 1912] [client ::1:52081] PHP Warning:  Undefined array key "nombre_cli" in C:\\Users\\luissaavaz\\Desktop\\efdesarrolloweb\\Servidor\\htdocs\\encriptar\\2.php on line 7, referer: http://localhost/encriptar/2.php
[Mon Jun 08 10:24:25.304562 2026] [php:warn] [pid 15724:tid 1912] [client ::1:52081] PHP Warning:  Undefined array key "email_cli" in C:\\Users\\luissaavaz\\Desktop\\efdesarrolloweb\\Servidor\\htdocs\\encriptar\\2.php on line 9, referer: http://localhost/encriptar/2.php
[Mon Jun 08 10:24:25.305560 2026] [php:warn] [pid 15724:tid 1912] [client ::1:52081] PHP Warning:  Undefined array key "password_cli" in C:\\Users\\luissaavaz\\Desktop\\efdesarrolloweb\\Servidor\\htdocs\\encriptar\\2.php on line 11, referer: http://localhost/encriptar/2.php
[Mon Jun 08 10:24:25.360876 2026] [php:error] [pid 15724:tid 1912] [client ::1:52081] PHP Fatal error:  Uncaught mysqli_sql_exception: Table 'lunes8.clases' doesn't exist in C:\\Users\\luissaavaz\\Desktop\\efdesarrolloweb\\Servidor\\htdocs\\encriptar\\2.php:17\nStack trace:\n#0 C:\\Users\\luissaavaz\\Desktop\\efdesarrolloweb\\Servidor\\htdocs\\encriptar\\2.php(17): mysqli->query('INSERT INTO cla...')\n#1 {main}\n  thrown in C:\\Users\\luissaavaz\\Desktop\\efdesarrolloweb\\Servidor\\htdocs\\encriptar\\2.php on line 17, referer: http://localhost/encriptar/2.php
[Mon Jun 08 10:25:05.510726 2026] [php:error] [pid 15724:tid 1912] [client ::1:62107] PHP Fatal error:  Uncaught mysqli_sql_exception: Table 'lunes8.clases' doesn't exist in C:\\Users\\luissaavaz\\Desktop\\efdesarrolloweb\\Servidor\\htdocs\\encriptar\\2.php:17\nStack trace:\n#0 C:\\Users\\luissaavaz\\Desktop\\efdesarrolloweb\\Servidor\\htdocs\\encriptar\\2.php(17): mysqli->query('INSERT INTO cla...')\n#1 {main}\n  thrown in C:\\Users\\luissaavaz\\Desktop\\efdesarrolloweb\\Servidor\\htdocs\\encriptar\\2.php on line 17, referer: http://localhost/encriptar/2.php
[Mon Jun 08 10:25:29.833040 2026] [php:error] [pid 15724:tid 1912] [client ::1:65221] PHP Fatal error:  Uncaught mysqli_sql_exception: Unknown column 'nombre_cli' in 'field list' in C:\\Users\\luissaavaz\\Desktop\\efdesarrolloweb\\Servidor\\htdocs\\encriptar\\2.php:17\nStack trace:\n#0 C:\\Users\\luissaavaz\\Desktop\\efdesarrolloweb\\Servidor\\htdocs\\encriptar\\2.php(17): mysqli->query('INSERT INTO cli...')\n#1 {main}\n  thrown in C:\\Users\\luissaavaz\\Desktop\\efdesarrolloweb\\Servidor\\htdocs\\encriptar\\2.php on line 17, referer: http://localhost/encriptar/2.php
[Mon Jun 08 12:34:57.204143 2026] [php:error] [pid 15724:tid 1900] [client ::1:60968] PHP Fatal error:  Uncaught mysqli_sql_exception: Unknown column 'email' in 'where clause' in C:\\Users\\luissaavaz\\Desktop\\efdesarrolloweb\\Servidor\\htdocs\\encriptar\\login.php:14\nStack trace:\n#0 C:\\Users\\luissaavaz\\Desktop\\efdesarrolloweb\\Servidor\\htdocs\\encriptar\\login.php(14): mysqli->query('SELECT * FROM c...')\n#1 {main}\n  thrown in C:\\Users\\luissaavaz\\Desktop\\efdesarrolloweb\\Servidor\\htdocs\\encriptar\\login.php on line 14, referer: http://localhost/encriptar/login.html
[Mon Jun 08 12:36:27.294392 2026] [php:error] [pid 15724:tid 1900] [client ::1:64270] script 'C:/Users/luissaavaz/Desktop/efdesarrolloweb/Servidor/htdocs/encriptar/privado.php' not found or unable to stat, referer: http://localhost/encriptar/login.html
[Mon Jun 08 13:37:05.437443 2026] [php:error] [pid 15724:tid 1912] [client ::1:53659] PHP Parse error:  syntax error, unexpected token "}", expecting "," or ";" in C:\\Users\\luissaavaz\\Desktop\\efdesarrolloweb\\Servidor\\htdocs\\encriptar\\login.php on line 33
[Mon Jun 08 13:37:29.314296 2026] [php:warn] [pid 15724:tid 1900] [client ::1:49309] PHP Warning:  Undefined array key "email" in C:\\Users\\luissaavaz\\Desktop\\efdesarrolloweb\\Servidor\\htdocs\\encriptar\\login.php on line 3
[Mon Jun 08 13:37:29.314296 2026] [php:warn] [pid 15724:tid 1900] [client ::1:49309] PHP Warning:  Undefined array key "password" in C:\\Users\\luissaavaz\\Desktop\\efdesarrolloweb\\Servidor\\htdocs\\encriptar\\login.php on line 5
[Tue Jun 09 09:04:13.009999 2026] [ssl:warn] [pid 11860:tid 352] AH01909: www.example.com:443:0 server certificate does NOT include an ID which matches the server name
[Tue Jun 09 09:04:13.045944 2026] [core:warn] [pid 11860:tid 352] AH00098: pid file C:/Users/luissaavaz/Desktop/efdesarrolloweb/Servidor/apache/logs/httpd.pid overwritten -- Unclean shutdown of previous Apache run?
[Tue Jun 09 09:04:13.054453 2026] [ssl:warn] [pid 11860:tid 352] AH01909: www.example.com:443:0 server certificate does NOT include an ID which matches the server name
[Tue Jun 09 09:04:13.147729 2026] [mpm_winnt:notice] [pid 11860:tid 352] AH00455: Apache/2.4.58 (Win64) OpenSSL/3.1.3 PHP/8.2.12 configured -- resuming normal operations
[Tue Jun 09 09:04:13.147729 2026] [mpm_winnt:notice] [pid 11860:tid 352] AH00456: Apache Lounge VS17 Server built: Oct 18 2023 13:03:18
[Tue Jun 09 09:04:13.147729 2026] [core:notice] [pid 11860:tid 352] AH00094: Command line: 'c:\\users\\luissaavaz\\desktop\\efdesarrolloweb\\servidor\\apache\\bin\\httpd.exe -d C:/Users/luissaavaz/Desktop/efdesarrolloweb/Servidor/apache'
[Tue Jun 09 09:04:13.150235 2026] [mpm_winnt:notice] [pid 11860:tid 352] AH00418: Parent: Created child process 10740
[Tue Jun 09 09:04:13.427822 2026] [ssl:warn] [pid 10740:tid 360] AH01909: www.example.com:443:0 server certificate does NOT include an ID which matches the server name
[Tue Jun 09 09:04:13.472801 2026] [ssl:warn] [pid 10740:tid 360] AH01909: www.example.com:443:0 server certificate does NOT include an ID which matches the server name
[Tue Jun 09 09:04:13.509338 2026] [mpm_winnt:notice] [pid 10740:tid 360] AH00354: Child: Starting 150 worker threads.
[Tue Jun 09 09:28:37.197673 2026] [php:error] [pid 10740:tid 1908] [client ::1:56987] PHP Fatal error:  Uncaught Error: Call to undefined function menu() in C:\\Users\\luissaavaz\\Desktop\\efdesarrolloweb\\Servidor\\htdocs\\funciones\\doc1.php:10\nStack trace:\n#0 {main}\n  thrown in C:\\Users\\luissaavaz\\Desktop\\efdesarrolloweb\\Servidor\\htdocs\\funciones\\doc1.php on line 10
[Tue Jun 09 10:23:24.418859 2026] [php:error] [pid 10740:tid 1908] [client ::1:52593] PHP Fatal error:  Uncaught mysqli_sql_exception: Access denied for user 'clase'@'EFMALA01' (using password: NO) in C:\\Users\\luissaavaz\\Desktop\\efdesarrolloweb\\Servidor\\htdocs\\funciones\\registro.php:5\nStack trace:\n#0 C:\\Users\\luissaavaz\\Desktop\\efdesarrolloweb\\Servidor\\htdocs\\funciones\\registro.php(5): mysqli->__construct('10.10.10.160', 'clase', Object(SensitiveParameterValue), 'martes9')\n#1 {main}\n  thrown in C:\\Users\\luissaavaz\\Desktop\\efdesarrolloweb\\Servidor\\htdocs\\funciones\\registro.php on line 5
[Tue Jun 09 10:47:30.044784 2026] [php:notice] [pid 10740:tid 1908] [client ::1:50301] PHP Notice:  session_start(): Ignoring session_start() because a session is already active in C:\\Users\\luissaavaz\\Desktop\\efdesarrolloweb\\Servidor\\htdocs\\funciones\\entrar.php on line 33, referer: http://localhost/funciones/entrar.php
[Tue Jun 09 10:52:31.205208 2026] [php:notice] [pid 10740:tid 1908] [client ::1:52657] PHP Notice:  session_start(): Ignoring session_start() because a session is already active in C:\\Users\\luissaavaz\\Desktop\\efdesarrolloweb\\Servidor\\htdocs\\funciones\\entrar.php on line 33, referer: http://localhost/funciones/entrar.php
[Tue Jun 09 11:00:50.294323 2026] [php:warn] [pid 10740:tid 1908] [client ::1:60798] PHP Warning:  Undefined variable $nomper in C:\\Users\\luissaavaz\\Desktop\\efdesarrolloweb\\Servidor\\htdocs\\funciones\\perfil.php on line 10
[Tue Jun 09 11:00:50.294323 2026] [php:warn] [pid 10740:tid 1908] [client ::1:60798] PHP Warning:  Undefined array key "" in C:\\Users\\luissaavaz\\Desktop\\efdesarrolloweb\\Servidor\\htdocs\\funciones\\perfil.php on line 10
[Tue Jun 09 11:00:50.294323 2026] [php:warn] [pid 10740:tid 1908] [client ::1:60798] PHP Warning:  Undefined variable $emailper in C:\\Users\\luissaavaz\\Desktop\\efdesarrolloweb\\Servidor\\htdocs\\funciones\\perfil.php on line 11
[Tue Jun 09 11:00:50.294323 2026] [php:warn] [pid 10740:tid 1908] [client ::1:60798] PHP Warning:  Undefined array key "" in C:\\Users\\luissaavaz\\Desktop\\efdesarrolloweb\\Servidor\\htdocs\\funciones\\perfil.php on line 11
[Tue Jun 09 12:01:21.218033 2026] [php:warn] [pid 10740:tid 1908] [client ::1:57855] PHP Warning:  Undefined array key "cerrar_sesion" in C:\\Users\\luissaavaz\\Desktop\\efdesarrolloweb\\Servidor\\htdocs\\funciones\\salir.php on line 5, referer: http://localhost/funciones/salir.php
[Tue Jun 09 12:01:32.349694 2026] [php:warn] [pid 10740:tid 1908] [client ::1:62925] PHP Warning:  Undefined array key "cerrar_sesion" in C:\\Users\\luissaavaz\\Desktop\\efdesarrolloweb\\Servidor\\htdocs\\funciones\\salir.php on line 5
[Tue Jun 09 12:01:34.124780 2026] [php:warn] [pid 10740:tid 1908] [client ::1:62925] PHP Warning:  Undefined array key "cerrar_sesion" in C:\\Users\\luissaavaz\\Desktop\\efdesarrolloweb\\Servidor\\htdocs\\funciones\\salir.php on line 5
[Tue Jun 09 12:02:12.897193 2026] [php:warn] [pid 10740:tid 1908] [client ::1:62173] PHP Warning:  Undefined array key "cerrar_sesion" in C:\\Users\\luissaavaz\\Desktop\\efdesarrolloweb\\Servidor\\htdocs\\funciones\\salir.php on line 5
[Tue Jun 09 12:37:13.672445 2026] [php:warn] [pid 10740:tid 1908] [client ::1:54931] PHP Warning:  Undefined array key "id_cla" in C:\\Users\\luissaavaz\\Desktop\\efdesarrolloweb\\Servidor\\htdocs\\funciones\\direcciones.php on line 72, referer: http://localhost/funciones/perfil.php
[Tue Jun 09 12:37:13.672445 2026] [php:warn] [pid 10740:tid 1908] [client ::1:54931] PHP Warning:  Undefined array key "nom_dir" in C:\\Users\\luissaavaz\\Desktop\\efdesarrolloweb\\Servidor\\htdocs\\funciones\\direcciones.php on line 73, referer: http://localhost/funciones/perfil.php
[Tue Jun 09 12:37:13.672445 2026] [php:warn] [pid 10740:tid 1908] [client ::1:54931] PHP Warning:  Undefined array key "id_cla" in C:\\Users\\luissaavaz\\Desktop\\efdesarrolloweb\\Servidor\\htdocs\\funciones\\direcciones.php on line 72, referer: http://localhost/funciones/perfil.php
[Tue Jun 09 12:37:13.672445 2026] [php:warn] [pid 10740:tid 1908] [client ::1:54931] PHP Warning:  Undefined array key "nom_dir" in C:\\Users\\luissaavaz\\Desktop\\efdesarrolloweb\\Servidor\\htdocs\\funciones\\direcciones.php on line 73, referer: http://localhost/funciones/perfil.php
[Tue Jun 09 12:37:13.672445 2026] [php:warn] [pid 10740:tid 1908] [client ::1:54931] PHP Warning:  Undefined array key "id_cla" in C:\\Users\\luissaavaz\\Desktop\\efdesarrolloweb\\Servidor\\htdocs\\funciones\\direcciones.php on line 72, referer: http://localhost/funciones/perfil.php
[Tue Jun 09 12:37:13.672445 2026] [php:warn] [pid 10740:tid 1908] [client ::1:54931] PHP Warning:  Undefined array key "nom_dir" in C:\\Users\\luissaavaz\\Desktop\\efdesarrolloweb\\Servidor\\htdocs\\funciones\\direcciones.php on line 73, referer: http://localhost/funciones/perfil.php
[Tue Jun 09 12:37:13.672445 2026] [php:warn] [pid 10740:tid 1908] [client ::1:54931] PHP Warning:  Undefined array key "id_cla" in C:\\Users\\luissaavaz\\Desktop\\efdesarrolloweb\\Servidor\\htdocs\\funciones\\direcciones.php on line 72, referer: http://localhost/funciones/perfil.php
[Tue Jun 09 12:37:13.672445 2026] [php:warn] [pid 10740:tid 1908] [client ::1:54931] PHP Warning:  Undefined array key "nom_dir" in C:\\Users\\luissaavaz\\Desktop\\efdesarrolloweb\\Servidor\\htdocs\\funciones\\direcciones.php on line 73, referer: http://localhost/funciones/perfil.php
[Tue Jun 09 12:37:13.672445 2026] [php:warn] [pid 10740:tid 1908] [client ::1:54931] PHP Warning:  Undefined array key "id_cla" in C:\\Users\\luissaavaz\\Desktop\\efdesarrolloweb\\Servidor\\htdocs\\funciones\\direcciones.php on line 72, referer: http://localhost/funciones/perfil.php
[Tue Jun 09 12:37:13.672445 2026] [php:warn] [pid 10740:tid 1908] [client ::1:54931] PHP Warning:  Undefined array key "nom_dir" in C:\\Users\\luissaavaz\\Desktop\\efdesarrolloweb\\Servidor\\htdocs\\funciones\\direcciones.php on line 73, referer: http://localhost/funciones/perfil.php
[Tue Jun 09 12:37:13.672445 2026] [php:warn] [pid 10740:tid 1908] [client ::1:54931] PHP Warning:  Undefined array key "id_cla" in C:\\Users\\luissaavaz\\Desktop\\efdesarrolloweb\\Servidor\\htdocs\\funciones\\direcciones.php on line 72, referer: http://localhost/funciones/perfil.php
[Tue Jun 09 12:37:13.672445 2026] [php:warn] [pid 10740:tid 1908] [client ::1:54931] PHP Warning:  Undefined array key "nom_dir" in C:\\Users\\luissaavaz\\Desktop\\efdesarrolloweb\\Servidor\\htdocs\\funciones\\direcciones.php on line 73, referer: http://localhost/funciones/perfil.php
[Tue Jun 09 12:37:13.672445 2026] [php:warn] [pid 10740:tid 1908] [client ::1:54931] PHP Warning:  Undefined array key "id_cla" in C:\\Users\\luissaavaz\\Desktop\\efdesarrolloweb\\Servidor\\htdocs\\funciones\\direcciones.php on line 72, referer: http://localhost/funciones/perfil.php
[Tue Jun 09 12:37:13.672445 2026] [php:warn] [pid 10740:tid 1908] [client ::1:54931] PHP Warning:  Undefined array key "nom_dir" in C:\\Users\\luissaavaz\\Desktop\\efdesarrolloweb\\Servidor\\htdocs\\funciones\\direcciones.php on line 73, referer: http://localhost/funciones/perfil.php
[Tue Jun 09 12:37:13.672445 2026] [php:warn] [pid 10740:tid 1908] [client ::1:54931] PHP Warning:  Undefined array key "id_cla" in C:\\Users\\luissaavaz\\Desktop\\efdesarrolloweb\\Servidor\\htdocs\\funciones\\direcciones.php on line 72, referer: http://localhost/funciones/perfil.php
[Tue Jun 09 12:37:13.672445 2026] [php:warn] [pid 10740:tid 1908] [client ::1:54931] PHP Warning:  Undefined array key "nom_dir" in C:\\Users\\luissaavaz\\Desktop\\efdesarrolloweb\\Servidor\\htdocs\\funciones\\direcciones.php on line 73, referer: http://localhost/funciones/perfil.php
[Tue Jun 09 12:37:13.672445 2026] [php:warn] [pid 10740:tid 1908] [client ::1:54931] PHP Warning:  Undefined array key "id_cla" in C:\\Users\\luissaavaz\\Desktop\\efdesarrolloweb\\Servidor\\htdocs\\funciones\\direcciones.php on line 72, referer: http://localhost/funciones/perfil.php
[Tue Jun 09 12:37:13.672445 2026] [php:warn] [pid 10740:tid 1908] [client ::1:54931] PHP Warning:  Undefined array key "nom_dir" in C:\\Users\\luissaavaz\\Desktop\\efdesarrolloweb\\Servidor\\htdocs\\funciones\\direcciones.php on line 73, referer: http://localhost/funciones/perfil.php
[Tue Jun 09 12:37:13.672445 2026] [php:warn] [pid 10740:tid 1908] [client ::1:54931] PHP Warning:  Undefined array key "id_cla" in C:\\Users\\luissaavaz\\Desktop\\efdesarrolloweb\\Servidor\\htdocs\\funciones\\direcciones.php on line 72, referer: http://localhost/funciones/perfil.php
[Tue Jun 09 12:37:13.672445 2026] [php:warn] [pid 10740:tid 1908] [client ::1:54931] PHP Warning:  Undefined array key "nom_dir" in C:\\Users\\luissaavaz\\Desktop\\efdesarrolloweb\\Servidor\\htdocs\\funciones\\direcciones.php on line 73, referer: http://localhost/funciones/perfil.php
[Tue Jun 09 12:37:13.672445 2026] [php:warn] [pid 10740:tid 1908] [client ::1:54931] PHP Warning:  Undefined array key "id_cla" in C:\\Users\\luissaavaz\\Desktop\\efdesarrolloweb\\Servidor\\htdocs\\funciones\\direcciones.php on line 72, referer: http://localhost/funciones/perfil.php
[Tue Jun 09 12:37:13.672445 2026] [php:warn] [pid 10740:tid 1908] [client ::1:54931] PHP Warning:  Undefined array key "nom_dir" in C:\\Users\\luissaavaz\\Desktop\\efdesarrolloweb\\Servidor\\htdocs\\funciones\\direcciones.php on line 73, referer: http://localhost/funciones/perfil.php
[Tue Jun 09 12:37:13.672445 2026] [php:warn] [pid 10740:tid 1908] [client ::1:54931] PHP Warning:  Undefined array key "id_cla" in C:\\Users\\luissaavaz\\Desktop\\efdesarrolloweb\\Servidor\\htdocs\\funciones\\direcciones.php on line 72, referer: http://localhost/funciones/perfil.php
[Tue Jun 09 12:37:13.672445 2026] [php:warn] [pid 10740:tid 1908] [client ::1:54931] PHP Warning:  Undefined array key "nom_dir" in C:\\Users\\luissaavaz\\Desktop\\efdesarrolloweb\\Servidor\\htdocs\\funciones\\direcciones.php on line 73, referer: http://localhost/funciones/perfil.php
[Tue Jun 09 12:37:13.672445 2026] [php:warn] [pid 10740:tid 1908] [client ::1:54931] PHP Warning:  Undefined array key "id_cla" in C:\\Users\\luissaavaz\\Desktop\\efdesarrolloweb\\Servidor\\htdocs\\funciones\\direcciones.php on line 72, referer: http://localhost/funciones/perfil.php
[Tue Jun 09 12:37:13.672445 2026] [php:warn] [pid 10740:tid 1908] [client ::1:54931] PHP Warning:  Undefined array key "nom_dir" in C:\\Users\\luissaavaz\\Desktop\\efdesarrolloweb\\Servidor\\htdocs\\funciones\\direcciones.php on line 73, referer: http://localhost/funciones/perfil.php
[Tue Jun 09 12:37:13.672445 2026] [php:warn] [pid 10740:tid 1908] [client ::1:54931] PHP Warning:  Undefined array key "id_cla" in C:\\Users\\luissaavaz\\Desktop\\efdesarrolloweb\\Servidor\\htdocs\\funciones\\direcciones.php on line 72, referer: http://localhost/funciones/perfil.php
[Tue Jun 09 12:37:13.672445 2026] [php:warn] [pid 10740:tid 1908] [client ::1:54931] PHP Warning:  Undefined array key "nom_dir" in C:\\Users\\luissaavaz\\Desktop\\efdesarrolloweb\\Servidor\\htdocs\\funciones\\direcciones.php on line 73, referer: http://localhost/funciones/perfil.php
[Tue Jun 09 12:37:13.672445 2026] [php:warn] [pid 10740:tid 1908] [client ::1:54931] PHP Warning:  Undefined array key "id_cla" in C:\\Users\\luissaavaz\\Desktop\\efdesarrolloweb\\Servidor\\htdocs\\funciones\\direcciones.php on line 72, referer: http://localhost/funciones/perfil.php
[Tue Jun 09 12:37:13.672445 2026] [php:warn] [pid 10740:tid 1908] [client ::1:54931] PHP Warning:  Undefined array key "nom_dir" in C:\\Users\\luissaavaz\\Desktop\\efdesarrolloweb\\Servidor\\htdocs\\funciones\\direcciones.php on line 73, referer: http://localhost/funciones/perfil.php
[Tue Jun 09 12:37:13.672445 2026] [php:warn] [pid 10740:tid 1908] [client ::1:54931] PHP Warning:  Undefined array key "id_cla" in C:\\Users\\luissaavaz\\Desktop\\efdesarrolloweb\\Servidor\\htdocs\\funciones\\direcciones.php on line 72, referer: http://localhost/funciones/perfil.php
[Tue Jun 09 12:37:13.672445 2026] [php:warn] [pid 10740:tid 1908] [client ::1:54931] PHP Warning:  Undefined array key "nom_dir" in C:\\Users\\luissaavaz\\Desktop\\efdesarrolloweb\\Servidor\\htdocs\\funciones\\direcciones.php on line 73, referer: http://localhost/funciones/perfil.php
[Tue Jun 09 12:37:13.672445 2026] [php:warn] [pid 10740:tid 1908] [client ::1:54931] PHP Warning:  Undefined array key "id_cla" in C:\\Users\\luissaavaz\\Desktop\\efdesarrolloweb\\Servidor\\htdocs\\funciones\\direcciones.php on line 72, referer: http://localhost/funciones/perfil.php
[Tue Jun 09 12:37:13.672445 2026] [php:warn] [pid 10740:tid 1908] [client ::1:54931] PHP Warning:  Undefined array key "nom_dir" in C:\\Users\\luissaavaz\\Desktop\\efdesarrolloweb\\Servidor\\htdocs\\funciones\\direcciones.php on line 73, referer: http://localhost/funciones/perfil.php
[Tue Jun 09 12:37:27.605729 2026] [php:warn] [pid 10740:tid 1908] [client ::1:53497] PHP Warning:  Undefined array key "nom_dir" in C:\\Users\\luissaavaz\\Desktop\\efdesarrolloweb\\Servidor\\htdocs\\funciones\\direcciones.php on line 73, referer: http://localhost/funciones/perfil.php
[Tue Jun 09 12:37:27.605729 2026] [php:warn] [pid 10740:tid 1908] [client ::1:53497] PHP Warning:  Undefined array key "nom_dir" in C:\\Users\\luissaavaz\\Desktop\\efdesarrolloweb\\Servidor\\htdocs\\funciones\\direcciones.php on line 73, referer: http://localhost/funciones/perfil.php
[Tue Jun 09 12:37:27.605729 2026] [php:warn] [pid 10740:tid 1908] [client ::1:53497] PHP Warning:  Undefined array key "nom_dir" in C:\\Users\\luissaavaz\\Desktop\\efdesarrolloweb\\Servidor\\htdocs\\funciones\\direcciones.php on line 73, referer: http://localhost/funciones/perfil.php
[Tue Jun 09 12:37:27.605729 2026] [php:warn] [pid 10740:tid 1908] [client ::1:53497] PHP Warning:  Undefined array key "nom_dir" in C:\\Users\\luissaavaz\\Desktop\\efdesarrolloweb\\Servidor\\htdocs\\funciones\\direcciones.php on line 73, referer: http://localhost/funciones/perfil.php
[Tue Jun 09 12:37:27.605729 2026] [php:warn] [pid 10740:tid 1908] [client ::1:53497] PHP Warning:  Undefined array key "nom_dir" in C:\\Users\\luissaavaz\\Desktop\\efdesarrolloweb\\Servidor\\htdocs\\funciones\\direcciones.php on line 73, referer: http://localhost/funciones/perfil.php
[Tue Jun 09 12:37:27.605729 2026] [php:warn] [pid 10740:tid 1908] [client ::1:53497] PHP Warning:  Undefined array key "nom_dir" in C:\\Users\\luissaavaz\\Desktop\\efdesarrolloweb\\Servidor\\htdocs\\funciones\\direcciones.php on line 73, referer: http://localhost/funciones/perfil.php
[Tue Jun 09 12:37:27.605729 2026] [php:warn] [pid 10740:tid 1908] [client ::1:53497] PHP Warning:  Undefined array key "nom_dir" in C:\\Users\\luissaavaz\\Desktop\\efdesarrolloweb\\Servidor\\htdocs\\funciones\\direcciones.php on line 73, referer: http://localhost/funciones/perfil.php
[Tue Jun 09 12:37:27.605729 2026] [php:warn] [pid 10740:tid 1908] [client ::1:53497] PHP Warning:  Undefined array key "nom_dir" in C:\\Users\\luissaavaz\\Desktop\\efdesarrolloweb\\Servidor\\htdocs\\funciones\\direcciones.php on line 73, referer: http://localhost/funciones/perfil.php
[Tue Jun 09 12:37:27.605729 2026] [php:warn] [pid 10740:tid 1908] [client ::1:53497] PHP Warning:  Undefined array key "nom_dir" in C:\\Users\\luissaavaz\\Desktop\\efdesarrolloweb\\Servidor\\htdocs\\funciones\\direcciones.php on line 73, referer: http://localhost/funciones/perfil.php
[Tue Jun 09 12:37:27.605729 2026] [php:warn] [pid 10740:tid 1908] [client ::1:53497] PHP Warning:  Undefined array key "nom_dir" in C:\\Users\\luissaavaz\\Desktop\\efdesarrolloweb\\Servidor\\htdocs\\funciones\\direcciones.php on line 73, referer: http://localhost/funciones/perfil.php
[Tue Jun 09 12:37:27.605729 2026] [php:warn] [pid 10740:tid 1908] [client ::1:53497] PHP Warning:  Undefined array key "nom_dir" in C:\\Users\\luissaavaz\\Desktop\\efdesarrolloweb\\Servidor\\htdocs\\funciones\\direcciones.php on line 73, referer: http://localhost/funciones/perfil.php
[Tue Jun 09 12:37:27.605729 2026] [php:warn] [pid 10740:tid 1908] [client ::1:53497] PHP Warning:  Undefined array key "nom_dir" in C:\\Users\\luissaavaz\\Desktop\\efdesarrolloweb\\Servidor\\htdocs\\funciones\\direcciones.php on line 73, referer: http://localhost/funciones/perfil.php
[Tue Jun 09 12:37:27.605729 2026] [php:warn] [pid 10740:tid 1908] [client ::1:53497] PHP Warning:  Undefined array key "nom_dir" in C:\\Users\\luissaavaz\\Desktop\\efdesarrolloweb\\Servidor\\htdocs\\funciones\\direcciones.php on line 73, referer: http://localhost/funciones/perfil.php
[Tue Jun 09 12:37:27.605729 2026] [php:warn] [pid 10740:tid 1908] [client ::1:53497] PHP Warning:  Undefined array key "nom_dir" in C:\\Users\\luissaavaz\\Desktop\\efdesarrolloweb\\Servidor\\htdocs\\funciones\\direcciones.php on line 73, referer: http://localhost/funciones/perfil.php
[Tue Jun 09 12:37:27.605729 2026] [php:warn] [pid 10740:tid 1908] [client ::1:53497] PHP Warning:  Undefined array key "nom_dir" in C:\\Users\\luissaavaz\\Desktop\\efdesarrolloweb\\Servidor\\htdocs\\funciones\\direcciones.php on line 73, referer: http://localhost/funciones/perfil.php
[Tue Jun 09 12:37:27.605729 2026] [php:warn] [pid 10740:tid 1908] [client ::1:53497] PHP Warning:  Undefined array key "nom_dir" in C:\\Users\\luissaavaz\\Desktop\\efdesarrolloweb\\Servidor\\htdocs\\funciones\\direcciones.php on line 73, referer: http://localhost/funciones/perfil.php
[Tue Jun 09 12:37:27.605729 2026] [php:warn] [pid 10740:tid 1908] [client ::1:53497] PHP Warning:  Undefined array key "nom_dir" in C:\\Users\\luissaavaz\\Desktop\\efdesarrolloweb\\Servidor\\htdocs\\funciones\\direcciones.php on line 73, referer: http://localhost/funciones/perfil.php
[Tue Jun 09 12:37:37.865247 2026] [php:warn] [pid 10740:tid 1908] [client ::1:56959] PHP Warning:  Undefined array key "nom_dir" in C:\\Users\\luissaavaz\\Desktop\\efdesarrolloweb\\Servidor\\htdocs\\funciones\\direcciones.php on line 73
[Tue Jun 09 12:37:37.865247 2026] [php:warn] [pid 10740:tid 1908] [client ::1:56959] PHP Warning:  Undefined array key "nom_dir" in C:\\Users\\luissaavaz\\Desktop\\efdesarrolloweb\\Servidor\\htdocs\\funciones\\direcciones.php on line 73
[Tue Jun 09 12:37:37.865247 2026] [php:warn] [pid 10740:tid 1908] [client ::1:56959] PHP Warning:  Undefined array key "nom_dir" in C:\\Users\\luissaavaz\\Desktop\\efdesarrolloweb\\Servidor\\htdocs\\funciones\\direcciones.php on line 73
[Tue Jun 09 12:37:37.865247 2026] [php:warn] [pid 10740:tid 1908] [client ::1:56959] PHP Warning:  Undefined array key "nom_dir" in C:\\Users\\luissaavaz\\Desktop\\efdesarrolloweb\\Servidor\\htdocs\\funciones\\direcciones.php on line 73
[Tue Jun 09 12:37:37.865247 2026] [php:warn] [pid 10740:tid 1908] [client ::1:56959] PHP Warning:  Undefined array key "nom_dir" in C:\\Users\\luissaavaz\\Desktop\\efdesarrolloweb\\Servidor\\htdocs\\funciones\\direcciones.php on line 73
[Tue Jun 09 12:37:37.865247 2026] [php:warn] [pid 10740:tid 1908] [client ::1:56959] PHP Warning:  Undefined array key "nom_dir" in C:\\Users\\luissaavaz\\Desktop\\efdesarrolloweb\\Servidor\\htdocs\\funciones\\direcciones.php on line 73
[Tue Jun 09 12:37:37.866262 2026] [php:warn] [pid 10740:tid 1908] [client ::1:56959] PHP Warning:  Undefined array key "nom_dir" in C:\\Users\\luissaavaz\\Desktop\\efdesarrolloweb\\Servidor\\htdocs\\funciones\\direcciones.php on line 73
[Tue Jun 09 12:37:37.866262 2026] [php:warn] [pid 10740:tid 1908] [client ::1:56959] PHP Warning:  Undefined array key "nom_dir" in C:\\Users\\luissaavaz\\Desktop\\efdesarrolloweb\\Servidor\\htdocs\\funciones\\direcciones.php on line 73
[Tue Jun 09 12:37:37.866262 2026] [php:warn] [pid 10740:tid 1908] [client ::1:56959] PHP Warning:  Undefined array key "nom_dir" in C:\\Users\\luissaavaz\\Desktop\\efdesarrolloweb\\Servidor\\htdocs\\funciones\\direcciones.php on line 73
[Tue Jun 09 12:37:37.866262 2026] [php:warn] [pid 10740:tid 1908] [client ::1:56959] PHP Warning:  Undefined array key "nom_dir" in C:\\Users\\luissaavaz\\Desktop\\efdesarrolloweb\\Servidor\\htdocs\\funciones\\direcciones.php on line 73
[Tue Jun 09 12:37:37.866262 2026] [php:warn] [pid 10740:tid 1908] [client ::1:56959] PHP Warning:  Undefined array key "nom_dir" in C:\\Users\\luissaavaz\\Desktop\\efdesarrolloweb\\Servidor\\htdocs\\funciones\\direcciones.php on line 73
[Tue Jun 09 12:37:37.866262 2026] [php:warn] [pid 10740:tid 1908] [client ::1:56959] PHP Warning:  Undefined array key "nom_dir" in C:\\Users\\luissaavaz\\Desktop\\efdesarrolloweb\\Servidor\\htdocs\\funciones\\direcciones.php on line 73
[Tue Jun 09 12:37:37.866262 2026] [php:warn] [pid 10740:tid 1908] [client ::1:56959] PHP Warning:  Undefined array key "nom_dir" in C:\\Users\\luissaavaz\\Desktop\\efdesarrolloweb\\Servidor\\htdocs\\funciones\\direcciones.php on line 73
[Tue Jun 09 12:37:37.866262 2026] [php:warn] [pid 10740:tid 1908] [client ::1:56959] PHP Warning:  Undefined array key "nom_dir" in C:\\Users\\luissaavaz\\Desktop\\efdesarrolloweb\\Servidor\\htdocs\\funciones\\direcciones.php on line 73
[Tue Jun 09 12:37:37.866262 2026] [php:warn] [pid 10740:tid 1908] [client ::1:56959] PHP Warning:  Undefined array key "nom_dir" in C:\\Users\\luissaavaz\\Desktop\\efdesarrolloweb\\Servidor\\htdocs\\funciones\\direcciones.php on line 73
[Tue Jun 09 12:37:37.866262 2026] [php:warn] [pid 10740:tid 1908] [client ::1:56959] PHP Warning:  Undefined array key "nom_dir" in C:\\Users\\luissaavaz\\Desktop\\efdesarrolloweb\\Servidor\\htdocs\\funciones\\direcciones.php on line 73
[Tue Jun 09 12:37:37.866262 2026] [php:warn] [pid 10740:tid 1908] [client ::1:56959] PHP Warning:  Undefined array key "nom_dir" in C:\\Users\\luissaavaz\\Desktop\\efdesarrolloweb\\Servidor\\htdocs\\funciones\\direcciones.php on line 73
[Tue Jun 09 13:33:49.651773 2026] [php:warn] [pid 10740:tid 1908] [client ::1:55825] PHP Warning:  Undefined array key "martes9" in C:\\Users\\luissaavaz\\Desktop\\efdesarrolloweb\\Servidor\\htdocs\\funciones\\direcciones.php on line 9
[Tue Jun 09 13:33:49.651773 2026] [php:warn] [pid 10740:tid 1908] [client ::1:55825] PHP Warning:  Trying to access array offset on value of type null in C:\\Users\\luissaavaz\\Desktop\\efdesarrolloweb\\Servidor\\htdocs\\funciones\\direcciones.php on line 9
[Tue Jun 09 13:52:29.396020 2026] [php:warn] [pid 10740:tid 1908] [client ::1:60292] PHP Warning:  Undefined variable $con in C:\\Users\\luissaavaz\\Desktop\\efdesarrolloweb\\Servidor\\htdocs\\funciones\\direcciones.php on line 72, referer: http://localhost/funciones/index.php
[Tue Jun 09 13:52:29.402432 2026] [php:error] [pid 10740:tid 1908] [client ::1:60292] PHP Fatal error:  Uncaught Error: Call to a member function query() on null in C:\\Users\\luissaavaz\\Desktop\\efdesarrolloweb\\Servidor\\htdocs\\funciones\\direcciones.php:72\nStack trace:\n#0 {main}\n  thrown in C:\\Users\\luissaavaz\\Desktop\\efdesarrolloweb\\Servidor\\htdocs\\funciones\\direcciones.php on line 72, referer: http://localhost/funciones/index.php
[Tue Jun 09 13:52:52.638698 2026] [php:warn] [pid 10740:tid 1908] [client ::1:57264] PHP Warning:  Undefined variable $con in C:\\Users\\luissaavaz\\Desktop\\efdesarrolloweb\\Servidor\\htdocs\\funciones\\direcciones.php on line 72, referer: http://localhost/funciones/index.php
[Tue Jun 09 13:52:52.638698 2026] [php:error] [pid 10740:tid 1908] [client ::1:57264] PHP Fatal error:  Uncaught Error: Call to a member function query() on null in C:\\Users\\luissaavaz\\Desktop\\efdesarrolloweb\\Servidor\\htdocs\\funciones\\direcciones.php:72\nStack trace:\n#0 {main}\n  thrown in C:\\Users\\luissaavaz\\Desktop\\efdesarrolloweb\\Servidor\\htdocs\\funciones\\direcciones.php on line 72, referer: http://localhost/funciones/index.php
[Tue Jun 09 13:52:55.532150 2026] [php:warn] [pid 10740:tid 1908] [client ::1:57264] PHP Warning:  Undefined variable $con in C:\\Users\\luissaavaz\\Desktop\\efdesarrolloweb\\Servidor\\htdocs\\funciones\\direcciones.php on line 72
[Tue Jun 09 13:52:55.532150 2026] [php:error] [pid 10740:tid 1908] [client ::1:57264] PHP Fatal error:  Uncaught Error: Call to a member function query() on null in C:\\Users\\luissaavaz\\Desktop\\efdesarrolloweb\\Servidor\\htdocs\\funciones\\direcciones.php:72\nStack trace:\n#0 {main}\n  thrown in C:\\Users\\luissaavaz\\Desktop\\efdesarrolloweb\\Servidor\\htdocs\\funciones\\direcciones.php on line 72
[Tue Jun 09 13:53:24.545289 2026] [php:warn] [pid 10740:tid 1908] [client ::1:55785] PHP Warning:  Undefined variable $con in C:\\Users\\luissaavaz\\Desktop\\efdesarrolloweb\\Servidor\\htdocs\\funciones\\direcciones.php on line 72
[Tue Jun 09 13:53:24.545289 2026] [php:error] [pid 10740:tid 1908] [client ::1:55785] PHP Fatal error:  Uncaught Error: Call to a member function query() on null in C:\\Users\\luissaavaz\\Desktop\\efdesarrolloweb\\Servidor\\htdocs\\funciones\\direcciones.php:72\nStack trace:\n#0 {main}\n  thrown in C:\\Users\\luissaavaz\\Desktop\\efdesarrolloweb\\Servidor\\htdocs\\funciones\\direcciones.php on line 72
[Tue Jun 09 13:53:27.134237 2026] [php:warn] [pid 10740:tid 1908] [client ::1:55785] PHP Warning:  Undefined variable $con in C:\\Users\\luissaavaz\\Desktop\\efdesarrolloweb\\Servidor\\htdocs\\funciones\\direcciones.php on line 72
[Tue Jun 09 13:53:27.134237 2026] [php:error] [pid 10740:tid 1908] [client ::1:55785] PHP Fatal error:  Uncaught Error: Call to a member function query() on null in C:\\Users\\luissaavaz\\Desktop\\efdesarrolloweb\\Servidor\\htdocs\\funciones\\direcciones.php:72\nStack trace:\n#0 {main}\n  thrown in C:\\Users\\luissaavaz\\Desktop\\efdesarrolloweb\\Servidor\\htdocs\\funciones\\direcciones.php on line 72
[Tue Jun 09 13:53:31.684836 2026] [php:warn] [pid 10740:tid 1908] [client ::1:55785] PHP Warning:  Undefined variable $con in C:\\Users\\luissaavaz\\Desktop\\efdesarrolloweb\\Servidor\\htdocs\\funciones\\direcciones.php on line 72
[Tue Jun 09 13:53:31.685938 2026] [php:error] [pid 10740:tid 1908] [client ::1:55785] PHP Fatal error:  Uncaught Error: Call to a member function query() on null in C:\\Users\\luissaavaz\\Desktop\\efdesarrolloweb\\Servidor\\htdocs\\funciones\\direcciones.php:72\nStack trace:\n#0 {main}\n  thrown in C:\\Users\\luissaavaz\\Desktop\\efdesarrolloweb\\Servidor\\htdocs\\funciones\\direcciones.php on line 72
[Tue Jun 09 13:53:34.055618 2026] [php:warn] [pid 10740:tid 1908] [client ::1:55785] PHP Warning:  Undefined variable $con in C:\\Users\\luissaavaz\\Desktop\\efdesarrolloweb\\Servidor\\htdocs\\funciones\\direcciones.php on line 72
[Tue Jun 09 13:53:34.055618 2026] [php:error] [pid 10740:tid 1908] [client ::1:55785] PHP Fatal error:  Uncaught Error: Call to a member function query() on null in C:\\Users\\luissaavaz\\Desktop\\efdesarrolloweb\\Servidor\\htdocs\\funciones\\direcciones.php:72\nStack trace:\n#0 {main}\n  thrown in C:\\Users\\luissaavaz\\Desktop\\efdesarrolloweb\\Servidor\\htdocs\\funciones\\direcciones.php on line 72
[Tue Jun 09 13:53:59.574168 2026] [php:warn] [pid 10740:tid 1908] [client ::1:57824] PHP Warning:  Undefined variable $con in C:\\Users\\luissaavaz\\Desktop\\efdesarrolloweb\\Servidor\\htdocs\\funciones\\direcciones.php on line 72
[Tue Jun 09 13:53:59.574168 2026] [php:error] [pid 10740:tid 1908] [client ::1:57824] PHP Fatal error:  Uncaught Error: Call to a member function query() on null in C:\\Users\\luissaavaz\\Desktop\\efdesarrolloweb\\Servidor\\htdocs\\funciones\\direcciones.php:72\nStack trace:\n#0 {main}\n  thrown in C:\\Users\\luissaavaz\\Desktop\\efdesarrolloweb\\Servidor\\htdocs\\funciones\\direcciones.php on line 72
[Tue Jun 09 13:54:02.108553 2026] [php:warn] [pid 10740:tid 1908] [client ::1:57824] PHP Warning:  Undefined variable $con in C:\\Users\\luissaavaz\\Desktop\\efdesarrolloweb\\Servidor\\htdocs\\funciones\\direcciones.php on line 72
[Tue Jun 09 13:54:02.109560 2026] [php:error] [pid 10740:tid 1908] [client ::1:57824] PHP Fatal error:  Uncaught Error: Call to a member function query() on null in C:\\Users\\luissaavaz\\Desktop\\efdesarrolloweb\\Servidor\\htdocs\\funciones\\direcciones.php:72\nStack trace:\n#0 {main}\n  thrown in C:\\Users\\luissaavaz\\Desktop\\efdesarrolloweb\\Servidor\\htdocs\\funciones\\direcciones.php on line 72
[Tue Jun 09 13:54:10.392703 2026] [php:warn] [pid 10740:tid 1908] [client ::1:49673] PHP Warning:  Undefined variable $con in C:\\Users\\luissaavaz\\Desktop\\efdesarrolloweb\\Servidor\\htdocs\\funciones\\direcciones.php on line 72
[Tue Jun 09 13:54:10.392703 2026] [php:error] [pid 10740:tid 1908] [client ::1:49673] PHP Fatal error:  Uncaught Error: Call to a member function query() on null in C:\\Users\\luissaavaz\\Desktop\\efdesarrolloweb\\Servidor\\htdocs\\funciones\\direcciones.php:72\nStack trace:\n#0 {main}\n  thrown in C:\\Users\\luissaavaz\\Desktop\\efdesarrolloweb\\Servidor\\htdocs\\funciones\\direcciones.php on line 72
[Tue Jun 09 13:54:10.901304 2026] [php:warn] [pid 10740:tid 1908] [client ::1:49673] PHP Warning:  Undefined variable $con in C:\\Users\\luissaavaz\\Desktop\\efdesarrolloweb\\Servidor\\htdocs\\funciones\\direcciones.php on line 72
[Tue Jun 09 13:54:10.901304 2026] [php:error] [pid 10740:tid 1908] [client ::1:49673] PHP Fatal error:  Uncaught Error: Call to a member function query() on null in C:\\Users\\luissaavaz\\Desktop\\efdesarrolloweb\\Servidor\\htdocs\\funciones\\direcciones.php:72\nStack trace:\n#0 {main}\n  thrown in C:\\Users\\luissaavaz\\Desktop\\efdesarrolloweb\\Servidor\\htdocs\\funciones\\direcciones.php on line 72
[Tue Jun 09 13:55:51.016811 2026] [php:warn] [pid 10740:tid 1908] [client ::1:64055] PHP Warning:  Undefined variable $con in C:\\Users\\luissaavaz\\Desktop\\efdesarrolloweb\\Servidor\\htdocs\\funciones\\direcciones.php on line 71
[Tue Jun 09 13:55:51.016811 2026] [php:error] [pid 10740:tid 1908] [client ::1:64055] PHP Fatal error:  Uncaught Error: Call to a member function query() on null in C:\\Users\\luissaavaz\\Desktop\\efdesarrolloweb\\Servidor\\htdocs\\funciones\\direcciones.php:71\nStack trace:\n#0 {main}\n  thrown in C:\\Users\\luissaavaz\\Desktop\\efdesarrolloweb\\Servidor\\htdocs\\funciones\\direcciones.php on line 71
[Tue Jun 09 13:55:54.613375 2026] [php:warn] [pid 10740:tid 1908] [client ::1:64055] PHP Warning:  Undefined variable $con in C:\\Users\\luissaavaz\\Desktop\\efdesarrolloweb\\Servidor\\htdocs\\funciones\\direcciones.php on line 71
[Tue Jun 09 13:55:54.614452 2026] [php:error] [pid 10740:tid 1908] [client ::1:64055] PHP Fatal error:  Uncaught Error: Call to a member function query() on null in C:\\Users\\luissaavaz\\Desktop\\efdesarrolloweb\\Servidor\\htdocs\\funciones\\direcciones.php:71\nStack trace:\n#0 {main}\n  thrown in C:\\Users\\luissaavaz\\Desktop\\efdesarrolloweb\\Servidor\\htdocs\\funciones\\direcciones.php on line 71
[Tue Jun 09 13:56:01.800116 2026] [php:warn] [pid 10740:tid 1908] [client ::1:56780] PHP Warning:  Undefined variable $con in C:\\Users\\luissaavaz\\Desktop\\efdesarrolloweb\\Servidor\\htdocs\\funciones\\direcciones.php on line 71
[Tue Jun 09 13:56:01.800116 2026] [php:error] [pid 10740:tid 1908] [client ::1:56780] PHP Fatal error:  Uncaught Error: Call to a member function query() on null in C:\\Users\\luissaavaz\\Desktop\\efdesarrolloweb\\Servidor\\htdocs\\funciones\\direcciones.php:71\nStack trace:\n#0 {main}\n  thrown in C:\\Users\\luissaavaz\\Desktop\\efdesarrolloweb\\Servidor\\htdocs\\funciones\\direcciones.php on line 71
[Tue Jun 09 13:56:04.312472 2026] [php:warn] [pid 10740:tid 1908] [client ::1:56780] PHP Warning:  Undefined variable $con in C:\\Users\\luissaavaz\\Desktop\\efdesarrolloweb\\Servidor\\htdocs\\funciones\\direcciones.php on line 71, referer: http://localhost/funciones/perfil.php
[Tue Jun 09 13:56:04.312472 2026] [php:error] [pid 10740:tid 1908] [client ::1:56780] PHP Fatal error:  Uncaught Error: Call to a member function query() on null in C:\\Users\\luissaavaz\\Desktop\\efdesarrolloweb\\Servidor\\htdocs\\funciones\\direcciones.php:71\nStack trace:\n#0 {main}\n  thrown in C:\\Users\\luissaavaz\\Desktop\\efdesarrolloweb\\Servidor\\htdocs\\funciones\\direcciones.php on line 71, referer: http://localhost/funciones/perfil.php
[Wed Jun 10 09:05:39.753626 2026] [ssl:warn] [pid 15216:tid 352] AH01909: www.example.com:443:0 server certificate does NOT include an ID which matches the server name
[Wed Jun 10 09:05:39.789812 2026] [core:warn] [pid 15216:tid 352] AH00098: pid file C:/Users/luissaavaz/Desktop/efdesarrolloweb/Servidor/apache/logs/httpd.pid overwritten -- Unclean shutdown of previous Apache run?
[Wed Jun 10 09:05:39.789812 2026] [ssl:warn] [pid 15216:tid 352] AH01909: www.example.com:443:0 server certificate does NOT include an ID which matches the server name
[Wed Jun 10 09:05:40.045648 2026] [mpm_winnt:notice] [pid 15216:tid 352] AH00455: Apache/2.4.58 (Win64) OpenSSL/3.1.3 PHP/8.2.12 configured -- resuming normal operations
[Wed Jun 10 09:05:40.045648 2026] [mpm_winnt:notice] [pid 15216:tid 352] AH00456: Apache Lounge VS17 Server built: Oct 18 2023 13:03:18
[Wed Jun 10 09:05:40.045648 2026] [core:notice] [pid 15216:tid 352] AH00094: Command line: 'c:\\users\\luissaavaz\\desktop\\efdesarrolloweb\\servidor\\apache\\bin\\httpd.exe -d C:/Users/luissaavaz/Desktop/efdesarrolloweb/Servidor/apache'
[Wed Jun 10 09:05:40.047653 2026] [mpm_winnt:notice] [pid 15216:tid 352] AH00418: Parent: Created child process 1844
[Wed Jun 10 09:05:40.333249 2026] [ssl:warn] [pid 1844:tid 384] AH01909: www.example.com:443:0 server certificate does NOT include an ID which matches the server name
[Wed Jun 10 09:05:40.370073 2026] [ssl:warn] [pid 1844:tid 384] AH01909: www.example.com:443:0 server certificate does NOT include an ID which matches the server name
[Wed Jun 10 09:05:40.401607 2026] [mpm_winnt:notice] [pid 1844:tid 384] AH00354: Child: Starting 150 worker threads.
[Wed Jun 10 09:06:06.820572 2026] [php:warn] [pid 1844:tid 1924] [client ::1:58486] PHP Warning:  Undefined array key "martes9" in C:\\Users\\luissaavaz\\Desktop\\efdesarrolloweb\\Servidor\\htdocs\\funciones\\direcciones.php on line 7
[Wed Jun 10 09:06:06.820572 2026] [php:warn] [pid 1844:tid 1924] [client ::1:58486] PHP Warning:  Trying to access array offset on value of type null in C:\\Users\\luissaavaz\\Desktop\\efdesarrolloweb\\Servidor\\htdocs\\funciones\\direcciones.php on line 7
[Wed Jun 10 09:06:06.821788 2026] [php:warn] [pid 1844:tid 1924] [client ::1:58486] PHP Warning:  Undefined variable $con in C:\\Users\\luissaavaz\\Desktop\\efdesarrolloweb\\Servidor\\htdocs\\funciones\\direcciones.php on line 71
[Wed Jun 10 09:06:06.823821 2026] [php:error] [pid 1844:tid 1924] [client ::1:58486] PHP Fatal error:  Uncaught Error: Call to a member function query() on null in C:\\Users\\luissaavaz\\Desktop\\efdesarrolloweb\\Servidor\\htdocs\\funciones\\direcciones.php:71\nStack trace:\n#0 {main}\n  thrown in C:\\Users\\luissaavaz\\Desktop\\efdesarrolloweb\\Servidor\\htdocs\\funciones\\direcciones.php on line 71
[Wed Jun 10 10:32:46.221492 2026] [php:warn] [pid 1844:tid 1908] [client ::1:63903] PHP Warning:  move_uploaded_file(./10.10.10.162/upload/ficheros/Hola.txt): Failed to open stream: No such file or directory in C:\\Users\\luissaavaz\\Desktop\\efdesarrolloweb\\Servidor\\htdocs\\upload\\1.php on line 8, referer: http://localhost/upload/1.html
[Wed Jun 10 10:32:46.221492 2026] [php:warn] [pid 1844:tid 1908] [client ::1:63903] PHP Warning:  move_uploaded_file(): Unable to move &quot;C:\\Users\\luissaavaz\\Desktop\\efdesarrolloweb\\Servidor\\tmp\\phpA22F.tmp&quot; to &quot;./10.10.10.162/upload/ficheros/Hola.txt&quot; in C:\\Users\\luissaavaz\\Desktop\\efdesarrolloweb\\Servidor\\htdocs\\upload\\1.php on line 8, referer: http://localhost/upload/1.html
[Wed Jun 10 10:33:00.346288 2026] [php:warn] [pid 1844:tid 1908] [client ::1:52902] PHP Warning:  move_uploaded_file(10.10.10.162/upload/ficheros/Hola.txt): Failed to open stream: No such file or directory in C:\\Users\\luissaavaz\\Desktop\\efdesarrolloweb\\Servidor\\htdocs\\upload\\1.php on line 8, referer: http://localhost/upload/1.html
[Wed Jun 10 10:33:00.346288 2026] [php:warn] [pid 1844:tid 1908] [client ::1:52902] PHP Warning:  move_uploaded_file(): Unable to move &quot;C:\\Users\\luissaavaz\\Desktop\\efdesarrolloweb\\Servidor\\tmp\\phpD95D.tmp&quot; to &quot;10.10.10.162/upload/ficheros/Hola.txt&quot; in C:\\Users\\luissaavaz\\Desktop\\efdesarrolloweb\\Servidor\\htdocs\\upload\\1.php on line 8, referer: http://localhost/upload/1.html
[Wed Jun 10 12:20:10.742053 2026] [php:warn] [pid 1844:tid 1916] [client ::1:62525] PHP Warning:  move_uploaded_file(./ficheros/descarga.png): Failed to open stream: No such file or directory in C:\\Users\\luissaavaz\\Desktop\\efdesarrolloweb\\Servidor\\htdocs\\funciones\\perfil.php on line 21, referer: http://localhost/funciones/perfil.php
[Wed Jun 10 12:20:10.742053 2026] [php:warn] [pid 1844:tid 1916] [client ::1:62525] PHP Warning:  move_uploaded_file(): Unable to move &quot;C:\\Users\\luissaavaz\\Desktop\\efdesarrolloweb\\Servidor\\tmp\\phpF858.tmp&quot; to &quot;./ficheros/descarga.png&quot; in C:\\Users\\luissaavaz\\Desktop\\efdesarrolloweb\\Servidor\\htdocs\\funciones\\perfil.php on line 21, referer: http://localhost/funciones/perfil.php
[Wed Jun 10 12:20:10.742053 2026] [php:warn] [pid 1844:tid 1916] [client ::1:62525] PHP Warning:  Undefined variable $con in C:\\Users\\luissaavaz\\Desktop\\efdesarrolloweb\\Servidor\\htdocs\\funciones\\perfil.php on line 27, referer: http://localhost/funciones/perfil.php
[Wed Jun 10 12:20:10.742053 2026] [php:error] [pid 1844:tid 1916] [client ::1:62525] PHP Fatal error:  Uncaught Error: Call to a member function query() on null in C:\\Users\\luissaavaz\\Desktop\\efdesarrolloweb\\Servidor\\htdocs\\funciones\\perfil.php:27\nStack trace:\n#0 {main}\n  thrown in C:\\Users\\luissaavaz\\Desktop\\efdesarrolloweb\\Servidor\\htdocs\\funciones\\perfil.php on line 27, referer: http://localhost/funciones/perfil.php
[Wed Jun 10 12:21:22.202154 2026] [php:warn] [pid 1844:tid 1916] [client ::1:54289] PHP Warning:  move_uploaded_file(./avatares/Luis/descarga.png): Failed to open stream: No such file or directory in C:\\Users\\luissaavaz\\Desktop\\efdesarrolloweb\\Servidor\\htdocs\\funciones\\perfil.php on line 21, referer: http://localhost/funciones/perfil.php
[Wed Jun 10 12:21:22.202154 2026] [php:warn] [pid 1844:tid 1916] [client ::1:54289] PHP Warning:  move_uploaded_file(): Unable to move &quot;C:\\Users\\luissaavaz\\Desktop\\efdesarrolloweb\\Servidor\\tmp\\phpF95.tmp&quot; to &quot;./avatares/Luis/descarga.png&quot; in C:\\Users\\luissaavaz\\Desktop\\efdesarrolloweb\\Servidor\\htdocs\\funciones\\perfil.php on line 21, referer: http://localhost/funciones/perfil.php
[Wed Jun 10 12:21:22.202154 2026] [php:warn] [pid 1844:tid 1916] [client ::1:54289] PHP Warning:  Undefined variable $con in C:\\Users\\luissaavaz\\Desktop\\efdesarrolloweb\\Servidor\\htdocs\\funciones\\perfil.php on line 27, referer: http://localhost/funciones/perfil.php
[Wed Jun 10 12:21:22.202154 2026] [php:error] [pid 1844:tid 1916] [client ::1:54289] PHP Fatal error:  Uncaught Error: Call to a member function query() on null in C:\\Users\\luissaavaz\\Desktop\\efdesarrolloweb\\Servidor\\htdocs\\funciones\\perfil.php:27\nStack trace:\n#0 {main}\n  thrown in C:\\Users\\luissaavaz\\Desktop\\efdesarrolloweb\\Servidor\\htdocs\\funciones\\perfil.php on line 27, referer: http://localhost/funciones/perfil.php
[Wed Jun 10 12:23:40.495358 2026] [php:warn] [pid 1844:tid 1916] [client ::1:56336] PHP Warning:  move_uploaded_file(./avatares/43/descarga.png): Failed to open stream: No such file or directory in C:\\Users\\luissaavaz\\Desktop\\efdesarrolloweb\\Servidor\\htdocs\\funciones\\perfil.php on line 21, referer: http://localhost/funciones/perfil.php
[Wed Jun 10 12:23:40.495358 2026] [php:warn] [pid 1844:tid 1916] [client ::1:56336] PHP Warning:  move_uploaded_file(): Unable to move &quot;C:\\Users\\luissaavaz\\Desktop\\efdesarrolloweb\\Servidor\\tmp\\php2BCF.tmp&quot; to &quot;./avatares/43/descarga.png&quot; in C:\\Users\\luissaavaz\\Desktop\\efdesarrolloweb\\Servidor\\htdocs\\funciones\\perfil.php on line 21, referer: http://localhost/funciones/perfil.php
[Wed Jun 10 12:23:40.495358 2026] [php:warn] [pid 1844:tid 1916] [client ::1:56336] PHP Warning:  Undefined variable $con in C:\\Users\\luissaavaz\\Desktop\\efdesarrolloweb\\Servidor\\htdocs\\funciones\\perfil.php on line 27, referer: http://localhost/funciones/perfil.php
[Wed Jun 10 12:23:40.495358 2026] [php:error] [pid 1844:tid 1916] [client ::1:56336] PHP Fatal error:  Uncaught Error: Call to a member function query() on null in C:\\Users\\luissaavaz\\Desktop\\efdesarrolloweb\\Servidor\\htdocs\\funciones\\perfil.php:27\nStack trace:\n#0 {main}\n  thrown in C:\\Users\\luissaavaz\\Desktop\\efdesarrolloweb\\Servidor\\htdocs\\funciones\\perfil.php on line 27, referer: http://localhost/funciones/perfil.php
[Wed Jun 10 12:23:57.709111 2026] [php:warn] [pid 1844:tid 1916] [client ::1:57200] PHP Warning:  Undefined variable $con in C:\\Users\\luissaavaz\\Desktop\\efdesarrolloweb\\Servidor\\htdocs\\funciones\\perfil.php on line 27, referer: http://localhost/funciones/perfil.php
[Wed Jun 10 12:23:57.709111 2026] [php:error] [pid 1844:tid 1916] [client ::1:57200] PHP Fatal error:  Uncaught Error: Call to a member function query() on null in C:\\Users\\luissaavaz\\Desktop\\efdesarrolloweb\\Servidor\\htdocs\\funciones\\perfil.php:27\nStack trace:\n#0 {main}\n  thrown in C:\\Users\\luissaavaz\\Desktop\\efdesarrolloweb\\Servidor\\htdocs\\funciones\\perfil.php on line 27, referer: http://localhost/funciones/perfil.php
[Wed Jun 10 12:57:52.637815 2026] [php:warn] [pid 1844:tid 1916] [client ::1:61861] PHP Warning:  Undefined array key "avatar" in C:\\Users\\luissaavaz\\Desktop\\efdesarrolloweb\\Servidor\\htdocs\\funciones\\perfil.php on line 38, referer: http://localhost/funciones/perfil.php
[Wed Jun 10 12:57:52.637815 2026] [php:warn] [pid 1844:tid 1916] [client ::1:61861] PHP Warning:  Trying to access array offset on value of type null in C:\\Users\\luissaavaz\\Desktop\\efdesarrolloweb\\Servidor\\htdocs\\funciones\\perfil.php on line 38, referer: http://localhost/funciones/perfil.php
[Wed Jun 10 12:57:52.637815 2026] [php:error] [pid 1844:tid 1916] [client ::1:61861] PHP Fatal error:  Uncaught mysqli_sql_exception: Unknown column 'ema_per' in 'field list' in C:\\Users\\luissaavaz\\Desktop\\efdesarrolloweb\\Servidor\\htdocs\\funciones\\perfil.php:45\nStack trace:\n#0 C:\\Users\\luissaavaz\\Desktop\\efdesarrolloweb\\Servidor\\htdocs\\funciones\\perfil.php(45): mysqli->query('UPDATE personal...')\n#1 {main}\n  thrown in C:\\Users\\luissaavaz\\Desktop\\efdesarrolloweb\\Servidor\\htdocs\\funciones\\perfil.php on line 45, referer: http://localhost/funciones/perfil.php
[Wed Jun 10 12:58:25.708133 2026] [php:error] [pid 1844:tid 1916] [client ::1:53622] PHP Fatal error:  Uncaught mysqli_sql_exception: Unknown column 'ema_per' in 'field list' in C:\\Users\\luissaavaz\\Desktop\\efdesarrolloweb\\Servidor\\htdocs\\funciones\\perfil.php:42\nStack trace:\n#0 C:\\Users\\luissaavaz\\Desktop\\efdesarrolloweb\\Servidor\\htdocs\\funciones\\perfil.php(42): mysqli->query('UPDATE personal...')\n#1 {main}\n  thrown in C:\\Users\\luissaavaz\\Desktop\\efdesarrolloweb\\Servidor\\htdocs\\funciones\\perfil.php on line 42, referer: http://localhost/funciones/perfil.php
[Wed Jun 10 12:59:19.673069 2026] [php:error] [pid 1844:tid 1916] [client ::1:54547] PHP Fatal error:  Uncaught mysqli_sql_exception: Unknown column 'Luisete' in 'field list' in C:\\Users\\luissaavaz\\Desktop\\efdesarrolloweb\\Servidor\\htdocs\\funciones\\perfil.php:42\nStack trace:\n#0 C:\\Users\\luissaavaz\\Desktop\\efdesarrolloweb\\Servidor\\htdocs\\funciones\\perfil.php(42): mysqli->query('UPDATE personal...')\n#1 {main}\n  thrown in C:\\Users\\luissaavaz\\Desktop\\efdesarrolloweb\\Servidor\\htdocs\\funciones\\perfil.php on line 42, referer: http://localhost/funciones/perfil.php
[Wed Jun 10 12:59:55.922041 2026] [php:error] [pid 1844:tid 1916] [client ::1:63397] PHP Fatal error:  Uncaught mysqli_sql_exception: You have an error in your SQL syntax; check the manual that corresponds to your MariaDB server version for the right syntax to use near '@email.com' at line 1 in C:\\Users\\luissaavaz\\Desktop\\efdesarrolloweb\\Servidor\\htdocs\\funciones\\perfil.php:42\nStack trace:\n#0 C:\\Users\\luissaavaz\\Desktop\\efdesarrolloweb\\Servidor\\htdocs\\funciones\\perfil.php(42): mysqli->query('UPDATE personal...')\n#1 {main}\n  thrown in C:\\Users\\luissaavaz\\Desktop\\efdesarrolloweb\\Servidor\\htdocs\\funciones\\perfil.php on line 42, referer: http://localhost/funciones/perfil.php
[Wed Jun 10 13:08:28.754975 2026] [php:error] [pid 1844:tid 1916] [client ::1:54646] PHP Fatal error:  Uncaught mysqli_sql_exception: You have an error in your SQL syntax; check the manual that corresponds to your MariaDB server version for the right syntax to use near '@email.com' at line 1 in C:\\Users\\luissaavaz\\Desktop\\efdesarrolloweb\\Servidor\\htdocs\\funciones\\perfil.php:42\nStack trace:\n#0 C:\\Users\\luissaavaz\\Desktop\\efdesarrolloweb\\Servidor\\htdocs\\funciones\\perfil.php(42): mysqli->query('UPDATE personal...')\n#1 {main}\n  thrown in C:\\Users\\luissaavaz\\Desktop\\efdesarrolloweb\\Servidor\\htdocs\\funciones\\perfil.php on line 42, referer: http://localhost/funciones/perfil.php
[Wed Jun 10 13:09:41.445846 2026] [php:error] [pid 1844:tid 1916] [client ::1:64660] PHP Fatal error:  Uncaught mysqli_sql_exception: You have an error in your SQL syntax; check the manual that corresponds to your MariaDB server version for the right syntax to use near '@email.com WHERE id_per=43' at line 1 in C:\\Users\\luissaavaz\\Desktop\\efdesarrolloweb\\Servidor\\htdocs\\funciones\\perfil.php:42\nStack trace:\n#0 C:\\Users\\luissaavaz\\Desktop\\efdesarrolloweb\\Servidor\\htdocs\\funciones\\perfil.php(42): mysqli->query('UPDATE personal...')\n#1 {main}\n  thrown in C:\\Users\\luissaavaz\\Desktop\\efdesarrolloweb\\Servidor\\htdocs\\funciones\\perfil.php on line 42, referer: http://localhost/funciones/perfil.php
[Wed Jun 10 13:10:02.011946 2026] [php:error] [pid 1844:tid 1916] [client ::1:57655] PHP Fatal error:  Uncaught mysqli_sql_exception: You have an error in your SQL syntax; check the manual that corresponds to your MariaDB server version for the right syntax to use near '@email.com WHERE id_per=43' at line 1 in C:\\Users\\luissaavaz\\Desktop\\efdesarrolloweb\\Servidor\\htdocs\\funciones\\perfil.php:42\nStack trace:\n#0 C:\\Users\\luissaavaz\\Desktop\\efdesarrolloweb\\Servidor\\htdocs\\funciones\\perfil.php(42): mysqli->query('UPDATE personal...')\n#1 {main}\n  thrown in C:\\Users\\luissaavaz\\Desktop\\efdesarrolloweb\\Servidor\\htdocs\\funciones\\perfil.php on line 42, referer: http://localhost/funciones/perfil.php
[Thu Jun 11 09:04:15.480820 2026] [ssl:warn] [pid 21444:tid 352] AH01909: www.example.com:443:0 server certificate does NOT include an ID which matches the server name
[Thu Jun 11 09:04:15.536001 2026] [core:warn] [pid 21444:tid 352] AH00098: pid file C:/Users/luissaavaz/Desktop/efdesarrolloweb/Servidor/apache/logs/httpd.pid overwritten -- Unclean shutdown of previous Apache run?
[Thu Jun 11 09:04:15.538512 2026] [ssl:warn] [pid 21444:tid 352] AH01909: www.example.com:443:0 server certificate does NOT include an ID which matches the server name
[Thu Jun 11 09:04:15.814709 2026] [mpm_winnt:notice] [pid 21444:tid 352] AH00455: Apache/2.4.58 (Win64) OpenSSL/3.1.3 PHP/8.2.12 configured -- resuming normal operations
[Thu Jun 11 09:04:15.814709 2026] [mpm_winnt:notice] [pid 21444:tid 352] AH00456: Apache Lounge VS17 Server built: Oct 18 2023 13:03:18
[Thu Jun 11 09:04:15.814709 2026] [core:notice] [pid 21444:tid 352] AH00094: Command line: 'c:\\users\\luissaavaz\\desktop\\efdesarrolloweb\\servidor\\apache\\bin\\httpd.exe -d C:/Users/luissaavaz/Desktop/efdesarrolloweb/Servidor/apache'
[Thu Jun 11 09:04:15.818459 2026] [mpm_winnt:notice] [pid 21444:tid 352] AH00418: Parent: Created child process 11696
[Thu Jun 11 09:04:16.133285 2026] [ssl:warn] [pid 11696:tid 360] AH01909: www.example.com:443:0 server certificate does NOT include an ID which matches the server name
[Thu Jun 11 09:04:16.178701 2026] [ssl:warn] [pid 11696:tid 360] AH01909: www.example.com:443:0 server certificate does NOT include an ID which matches the server name
[Thu Jun 11 09:04:16.216286 2026] [mpm_winnt:notice] [pid 11696:tid 360] AH00354: Child: Starting 150 worker threads.
[Thu Jun 11 09:08:49.517282 2026] [php:warn] [pid 11696:tid 1928] [client ::1:57292] PHP Warning:  Undefined array key "martes9" in C:\\Users\\luissaavaz\\Desktop\\efdesarrolloweb\\Servidor\\htdocs\\funciones\\perfil.php on line 14
[Thu Jun 11 09:08:49.519285 2026] [php:warn] [pid 11696:tid 1928] [client ::1:57292] PHP Warning:  Trying to access array offset on value of type null in C:\\Users\\luissaavaz\\Desktop\\efdesarrolloweb\\Servidor\\htdocs\\funciones\\perfil.php on line 14
[Thu Jun 11 09:08:49.519285 2026] [php:warn] [pid 11696:tid 1928] [client ::1:57292] PHP Warning:  Undefined array key "martes9" in C:\\Users\\luissaavaz\\Desktop\\efdesarrolloweb\\Servidor\\htdocs\\funciones\\perfil.php on line 15
[Thu Jun 11 09:08:49.519285 2026] [php:warn] [pid 11696:tid 1928] [client ::1:57292] PHP Warning:  Trying to access array offset on value of type null in C:\\Users\\luissaavaz\\Desktop\\efdesarrolloweb\\Servidor\\htdocs\\funciones\\perfil.php on line 15
[Thu Jun 11 09:08:49.519285 2026] [php:warn] [pid 11696:tid 1928] [client ::1:57292] PHP Warning:  Undefined array key "martes9" in C:\\Users\\luissaavaz\\Desktop\\efdesarrolloweb\\Servidor\\htdocs\\funciones\\perfil.php on line 16
[Thu Jun 11 09:08:49.519285 2026] [php:warn] [pid 11696:tid 1928] [client ::1:57292] PHP Warning:  Trying to access array offset on value of type null in C:\\Users\\luissaavaz\\Desktop\\efdesarrolloweb\\Servidor\\htdocs\\funciones\\perfil.php on line 16
[Thu Jun 11 10:26:24.663214 2026] [php:error] [pid 11696:tid 1908] [client ::1:55328] PHP Fatal error:  Uncaught mysqli_sql_exception: You have an error in your SQL syntax; check the manual that corresponds to your MariaDB server version for the right syntax to use near ''nom_ima', 'id_cli') VALUES ('descarga.png', '1')' at line 1 in C:\\Users\\luissaavaz\\Desktop\\efdesarrolloweb\\Servidor\\htdocs\\jueves11\\subir.php:13\nStack trace:\n#0 C:\\Users\\luissaavaz\\Desktop\\efdesarrolloweb\\Servidor\\htdocs\\jueves11\\subir.php(13): mysqli->query('INSERT INTO ima...')\n#1 {main}\n  thrown in C:\\Users\\luissaavaz\\Desktop\\efdesarrolloweb\\Servidor\\htdocs\\jueves11\\subir.php on line 13, referer: http://localhost/jueves11/subir.php
[Thu Jun 11 13:53:04.034962 2026] [php:warn] [pid 11696:tid 1908] [client ::1:55344] PHP Warning:  Undefined variable $nomimg in C:\\Users\\luissaavaz\\Desktop\\efdesarrolloweb\\Servidor\\htdocs\\jueves11bis\\subir.php on line 69, referer: http://localhost/jueves11bis/ver.php
[Thu Jun 11 13:53:16.617433 2026] [php:warn] [pid 11696:tid 1908] [client ::1:56326] PHP Warning:  Undefined variable $nomimg in C:\\Users\\luissaavaz\\Desktop\\efdesarrolloweb\\Servidor\\htdocs\\jueves11bis\\subir.php on line 70, referer: http://localhost/jueves11bis/subir.php
[Thu Jun 11 13:53:55.434652 2026] [php:warn] [pid 11696:tid 1908] [client ::1:62371] PHP Warning:  Undefined variable $nomimg in C:\\Users\\luissaavaz\\Desktop\\efdesarrolloweb\\Servidor\\htdocs\\jueves11bis\\subir.php on line 71, referer: http://localhost/jueves11bis/subir.php
[Thu Jun 11 13:56:34.816262 2026] [php:warn] [pid 11696:tid 1908] [client ::1:57235] PHP Warning:  Undefined variable $nomimg in C:\\Users\\luissaavaz\\Desktop\\efdesarrolloweb\\Servidor\\htdocs\\jueves11bis\\subir.php on line 72, referer: http://localhost/jueves11bis/subir.php
[Fri Jun 12 09:05:09.582081 2026] [ssl:warn] [pid 20084:tid 380] AH01909: www.example.com:443:0 server certificate does NOT include an ID which matches the server name
[Fri Jun 12 09:05:09.626475 2026] [core:warn] [pid 20084:tid 380] AH00098: pid file C:/Users/luissaavaz/Desktop/efdesarrolloweb/Servidor/apache/logs/httpd.pid overwritten -- Unclean shutdown of previous Apache run?
[Fri Jun 12 09:05:09.626475 2026] [ssl:warn] [pid 20084:tid 380] AH01909: www.example.com:443:0 server certificate does NOT include an ID which matches the server name
[Fri Jun 12 09:05:09.900088 2026] [mpm_winnt:notice] [pid 20084:tid 380] AH00455: Apache/2.4.58 (Win64) OpenSSL/3.1.3 PHP/8.2.12 configured -- resuming normal operations
[Fri Jun 12 09:05:09.900088 2026] [mpm_winnt:notice] [pid 20084:tid 380] AH00456: Apache Lounge VS17 Server built: Oct 18 2023 13:03:18
[Fri Jun 12 09:05:09.900088 2026] [core:notice] [pid 20084:tid 380] AH00094: Command line: 'c:\\users\\luissaavaz\\desktop\\efdesarrolloweb\\servidor\\apache\\bin\\httpd.exe -d C:/Users/luissaavaz/Desktop/efdesarrolloweb/Servidor/apache'
[Fri Jun 12 09:05:09.902605 2026] [mpm_winnt:notice] [pid 20084:tid 380] AH00418: Parent: Created child process 14404
[Fri Jun 12 09:05:10.279074 2026] [ssl:warn] [pid 14404:tid 380] AH01909: www.example.com:443:0 server certificate does NOT include an ID which matches the server name
[Fri Jun 12 09:05:10.323357 2026] [ssl:warn] [pid 14404:tid 380] AH01909: www.example.com:443:0 server certificate does NOT include an ID which matches the server name
[Fri Jun 12 09:05:10.350773 2026] [mpm_winnt:notice] [pid 14404:tid 380] AH00354: Child: Starting 150 worker threads.
[Fri Jun 12 09:05:17.909781 2026] [php:warn] [pid 14404:tid 1928] [client ::1:63312] PHP Warning:  Undefined variable $nomimg in C:\\Users\\luissaavaz\\Desktop\\efdesarrolloweb\\Servidor\\htdocs\\jueves11bis\\subir.php on line 77
[Fri Jun 12 09:10:27.622684 2026] [php:warn] [pid 14404:tid 1928] [client ::1:63591] PHP Warning:  Undefined variable $nomimg in C:\\Users\\luissaavaz\\Desktop\\efdesarrolloweb\\Servidor\\htdocs\\jueves11bis\\subir.php on line 73, referer: http://localhost/jueves11bis/ver.php
[Fri Jun 12 09:44:51.843856 2026] [php:warn] [pid 14404:tid 1908] [client ::1:51490] PHP Warning:  mkdir(): File exists in C:\\Users\\luissaavaz\\Desktop\\efdesarrolloweb\\Servidor\\htdocs\\jueves11bis\\subir.php on line 18, referer: http://localhost/jueves11bis/subir.php
[Fri Jun 12 09:47:02.593357 2026] [php:warn] [pid 14404:tid 1908] [client ::1:63476] PHP Warning:  mkdir(): File exists in C:\\Users\\luissaavaz\\Desktop\\efdesarrolloweb\\Servidor\\htdocs\\jueves11bis\\subir.php on line 18, referer: http://localhost/jueves11bis/subir.php
[Fri Jun 12 10:20:28.582496 2026] [php:warn] [pid 14404:tid 1908] [client ::1:62939] PHP Warning:  mkdir(): File exists in C:\\Users\\luissaavaz\\Desktop\\efdesarrolloweb\\Servidor\\htdocs\\jueves11bis\\subir.php on line 18, referer: http://localhost/jueves11bis/subir.php
[Fri Jun 12 10:20:41.422397 2026] [php:warn] [pid 14404:tid 1908] [client ::1:61548] PHP Warning:  mkdir(): File exists in C:\\Users\\luissaavaz\\Desktop\\efdesarrolloweb\\Servidor\\htdocs\\jueves11bis\\subir.php on line 18, referer: http://localhost/jueves11bis/subir.php
[Fri Jun 12 10:21:26.621046 2026] [php:warn] [pid 14404:tid 1908] [client ::1:63990] PHP Warning:  mkdir(): File exists in C:\\Users\\luissaavaz\\Desktop\\efdesarrolloweb\\Servidor\\htdocs\\jueves11bis\\subir.php on line 18, referer: http://localhost/jueves11bis/subir.php
[Fri Jun 12 10:33:21.063312 2026] [php:warn] [pid 14404:tid 1908] [client ::1:58145] PHP Warning:  mkdir(): File exists in C:\\Users\\luissaavaz\\Desktop\\efdesarrolloweb\\Servidor\\htdocs\\jueves11bis\\subir.php on line 24, referer: http://localhost/jueves11bis/subir.php
[Fri Jun 12 11:44:00.646644 2026] [php:error] [pid 14404:tid 1896] [client ::1:51414] PHP Fatal error:  Uncaught Error: Call to undefined function menuLogin() in C:\\Users\\luissaavaz\\Desktop\\efdesarrolloweb\\Servidor\\htdocs\\viernes12\\register.php:42\nStack trace:\n#0 {main}\n  thrown in C:\\Users\\luissaavaz\\Desktop\\efdesarrolloweb\\Servidor\\htdocs\\viernes12\\register.php on line 42, referer: http://localhost/viernes12/index.html
[Fri Jun 12 12:03:22.032685 2026] [php:warn] [pid 14404:tid 1896] [client ::1:51201] PHP Warning:  Undefined array key "email_cli" in C:\\Users\\luissaavaz\\Desktop\\efdesarrolloweb\\Servidor\\htdocs\\viernes12\\register.php on line 10, referer: http://localhost/viernes12/register.php
[Fri Jun 12 12:03:22.033706 2026] [php:warn] [pid 14404:tid 1896] [client ::1:51201] PHP Warning:  Undefined array key "avatar" in C:\\Users\\luissaavaz\\Desktop\\efdesarrolloweb\\Servidor\\htdocs\\viernes12\\register.php on line 12, referer: http://localhost/viernes12/register.php
[Fri Jun 12 12:03:22.033706 2026] [php:warn] [pid 14404:tid 1896] [client ::1:51201] PHP Warning:  Trying to access array offset on value of type null in C:\\Users\\luissaavaz\\Desktop\\efdesarrolloweb\\Servidor\\htdocs\\viernes12\\register.php on line 12, referer: http://localhost/viernes12/register.php
[Fri Jun 12 12:03:22.033706 2026] [php:warn] [pid 14404:tid 1896] [client ::1:51201] PHP Warning:  Undefined array key "avatar" in C:\\Users\\luissaavaz\\Desktop\\efdesarrolloweb\\Servidor\\htdocs\\viernes12\\register.php on line 13, referer: http://localhost/viernes12/register.php
[Fri Jun 12 12:03:22.033706 2026] [php:warn] [pid 14404:tid 1896] [client ::1:51201] PHP Warning:  Trying to access array offset on value of type null in C:\\Users\\luissaavaz\\Desktop\\efdesarrolloweb\\Servidor\\htdocs\\viernes12\\register.php on line 13, referer: http://localhost/viernes12/register.php
[Fri Jun 12 12:07:25.967187 2026] [php:warn] [pid 14404:tid 1896] [client ::1:59037] PHP Warning:  Undefined array key "email_cli" in C:\\Users\\luissaavaz\\Desktop\\efdesarrolloweb\\Servidor\\htdocs\\viernes12\\register.php on line 10, referer: http://localhost/viernes12/register.php
[Fri Jun 12 12:07:25.967187 2026] [php:warn] [pid 14404:tid 1896] [client ::1:59037] PHP Warning:  Undefined array key "avatar" in C:\\Users\\luissaavaz\\Desktop\\efdesarrolloweb\\Servidor\\htdocs\\viernes12\\register.php on line 12, referer: http://localhost/viernes12/register.php
[Fri Jun 12 12:07:25.967187 2026] [php:warn] [pid 14404:tid 1896] [client ::1:59037] PHP Warning:  Trying to access array offset on value of type null in C:\\Users\\luissaavaz\\Desktop\\efdesarrolloweb\\Servidor\\htdocs\\viernes12\\register.php on line 12, referer: http://localhost/viernes12/register.php
[Fri Jun 12 12:07:25.967187 2026] [php:warn] [pid 14404:tid 1896] [client ::1:59037] PHP Warning:  Undefined array key "avatar" in C:\\Users\\luissaavaz\\Desktop\\efdesarrolloweb\\Servidor\\htdocs\\viernes12\\register.php on line 13, referer: http://localhost/viernes12/register.php
[Fri Jun 12 12:07:25.967187 2026] [php:warn] [pid 14404:tid 1896] [client ::1:59037] PHP Warning:  Trying to access array offset on value of type null in C:\\Users\\luissaavaz\\Desktop\\efdesarrolloweb\\Servidor\\htdocs\\viernes12\\register.php on line 13, referer: http://localhost/viernes12/register.php
[Fri Jun 12 12:10:59.674689 2026] [php:warn] [pid 14404:tid 1896] [client ::1:55753] PHP Warning:  Undefined array key "email_cli" in C:\\Users\\luissaavaz\\Desktop\\efdesarrolloweb\\Servidor\\htdocs\\viernes12\\register.php on line 10, referer: http://localhost/viernes12/register.php
[Fri Jun 12 12:10:59.724115 2026] [php:warn] [pid 14404:tid 1896] [client ::1:55753] PHP Warning:  Undefined array key "avatar" in C:\\Users\\luissaavaz\\Desktop\\efdesarrolloweb\\Servidor\\htdocs\\viernes12\\register.php on line 13, referer: http://localhost/viernes12/register.php
[Fri Jun 12 12:10:59.724115 2026] [php:warn] [pid 14404:tid 1896] [client ::1:55753] PHP Warning:  Trying to access array offset on value of type null in C:\\Users\\luissaavaz\\Desktop\\efdesarrolloweb\\Servidor\\htdocs\\viernes12\\register.php on line 13, referer: http://localhost/viernes12/register.php
[Fri Jun 12 12:10:59.724115 2026] [php:warn] [pid 14404:tid 1896] [client ::1:55753] PHP Warning:  Undefined array key "avatar" in C:\\Users\\luissaavaz\\Desktop\\efdesarrolloweb\\Servidor\\htdocs\\viernes12\\register.php on line 14, referer: http://localhost/viernes12/register.php
[Fri Jun 12 12:10:59.724115 2026] [php:warn] [pid 14404:tid 1896] [client ::1:55753] PHP Warning:  Trying to access array offset on value of type null in C:\\Users\\luissaavaz\\Desktop\\efdesarrolloweb\\Servidor\\htdocs\\viernes12\\register.php on line 14, referer: http://localhost/viernes12/register.php
[Fri Jun 12 12:11:51.675634 2026] [php:warn] [pid 14404:tid 1896] [client ::1:51526] PHP Warning:  Undefined array key "email_cli" in C:\\Users\\luissaavaz\\Desktop\\efdesarrolloweb\\Servidor\\htdocs\\viernes12\\register.php on line 10, referer: http://localhost/viernes12/register.php
[Fri Jun 12 12:11:51.734520 2026] [php:warn] [pid 14404:tid 1896] [client ::1:51526] PHP Warning:  Undefined array key "avatar" in C:\\Users\\luissaavaz\\Desktop\\efdesarrolloweb\\Servidor\\htdocs\\viernes12\\register.php on line 13, referer: http://localhost/viernes12/register.php
[Fri Jun 12 12:11:51.734520 2026] [php:warn] [pid 14404:tid 1896] [client ::1:51526] PHP Warning:  Trying to access array offset on value of type null in C:\\Users\\luissaavaz\\Desktop\\efdesarrolloweb\\Servidor\\htdocs\\viernes12\\register.php on line 13, referer: http://localhost/viernes12/register.php
[Fri Jun 12 12:11:51.735520 2026] [php:warn] [pid 14404:tid 1896] [client ::1:51526] PHP Warning:  Undefined array key "avatar" in C:\\Users\\luissaavaz\\Desktop\\efdesarrolloweb\\Servidor\\htdocs\\viernes12\\register.php on line 14, referer: http://localhost/viernes12/register.php
[Fri Jun 12 12:11:51.735520 2026] [php:warn] [pid 14404:tid 1896] [client ::1:51526] PHP Warning:  Trying to access array offset on value of type null in C:\\Users\\luissaavaz\\Desktop\\efdesarrolloweb\\Servidor\\htdocs\\viernes12\\register.php on line 14, referer: http://localhost/viernes12/register.php
[Fri Jun 12 12:13:45.852053 2026] [php:warn] [pid 14404:tid 1896] [client ::1:50813] PHP Warning:  Undefined array key "email_cli" in C:\\Users\\luissaavaz\\Desktop\\efdesarrolloweb\\Servidor\\htdocs\\viernes12\\register.php on line 10, referer: http://localhost/viernes12/register.php
[Fri Jun 12 12:13:45.925480 2026] [php:warn] [pid 14404:tid 1896] [client ::1:50813] PHP Warning:  mkdir(): File exists in C:\\Users\\luissaavaz\\Desktop\\efdesarrolloweb\\Servidor\\htdocs\\viernes12\\register.php on line 23, referer: http://localhost/viernes12/register.php
[Fri Jun 12 12:19:48.033982 2026] [php:warn] [pid 14404:tid 1896] [client ::1:57250] PHP Warning:  Undefined array key "email_cli" in C:\\Users\\luissaavaz\\Desktop\\efdesarrolloweb\\Servidor\\htdocs\\viernes12\\login.php on line 11, referer: http://localhost/viernes12/login.php
[Fri Jun 12 12:19:48.035076 2026] [php:warn] [pid 14404:tid 1896] [client ::1:57250] PHP Warning:  Undefined array key "pass_cli" in C:\\Users\\luissaavaz\\Desktop\\efdesarrolloweb\\Servidor\\htdocs\\viernes12\\login.php on line 12, referer: http://localhost/viernes12/login.php
[Fri Jun 12 12:53:33.596569 2026] [php:warn] [pid 14404:tid 1896] [client ::1:59461] PHP Warning:  Undefined global variable $_SESSION in C:\\Users\\luissaavaz\\Desktop\\efdesarrolloweb\\Servidor\\htdocs\\viernes12\\home.php on line 8, referer: http://localhost/viernes12/home.php
[Fri Jun 12 12:53:33.596569 2026] [php:warn] [pid 14404:tid 1896] [client ::1:59461] PHP Warning:  Trying to access array offset on value of type null in C:\\Users\\luissaavaz\\Desktop\\efdesarrolloweb\\Servidor\\htdocs\\viernes12\\home.php on line 8, referer: http://localhost/viernes12/home.php
[Fri Jun 12 12:53:33.596569 2026] [php:warn] [pid 14404:tid 1896] [client ::1:59461] PHP Warning:  Trying to access array offset on value of type null in C:\\Users\\luissaavaz\\Desktop\\efdesarrolloweb\\Servidor\\htdocs\\viernes12\\home.php on line 8, referer: http://localhost/viernes12/home.php
[Fri Jun 12 12:53:33.596569 2026] [php:warn] [pid 14404:tid 1896] [client ::1:59461] PHP Warning:  Undefined global variable $_SESSION in C:\\Users\\luissaavaz\\Desktop\\efdesarrolloweb\\Servidor\\htdocs\\viernes12\\home.php on line 9, referer: http://localhost/viernes12/home.php
[Fri Jun 12 12:53:33.596569 2026] [php:warn] [pid 14404:tid 1896] [client ::1:59461] PHP Warning:  Trying to access array offset on value of type null in C:\\Users\\luissaavaz\\Desktop\\efdesarrolloweb\\Servidor\\htdocs\\viernes12\\home.php on line 9, referer: http://localhost/viernes12/home.php
[Fri Jun 12 12:53:33.596569 2026] [php:warn] [pid 14404:tid 1896] [client ::1:59461] PHP Warning:  Trying to access array offset on value of type null in C:\\Users\\luissaavaz\\Desktop\\efdesarrolloweb\\Servidor\\htdocs\\viernes12\\home.php on line 9, referer: http://localhost/viernes12/home.php
[Fri Jun 12 12:53:33.596569 2026] [php:warn] [pid 14404:tid 1896] [client ::1:59461] PHP Warning:  Undefined global variable $_SESSION in C:\\Users\\luissaavaz\\Desktop\\efdesarrolloweb\\Servidor\\htdocs\\viernes12\\home.php on line 10, referer: http://localhost/viernes12/home.php
[Fri Jun 12 12:53:33.596569 2026] [php:warn] [pid 14404:tid 1896] [client ::1:59461] PHP Warning:  Trying to access array offset on value of type null in C:\\Users\\luissaavaz\\Desktop\\efdesarrolloweb\\Servidor\\htdocs\\viernes12\\home.php on line 10, referer: http://localhost/viernes12/home.php
[Fri Jun 12 12:53:33.597860 2026] [php:warn] [pid 14404:tid 1896] [client ::1:59461] PHP Warning:  Trying to access array offset on value of type null in C:\\Users\\luissaavaz\\Desktop\\efdesarrolloweb\\Servidor\\htdocs\\viernes12\\home.php on line 10, referer: http://localhost/viernes12/home.php
[Fri Jun 12 12:53:33.625681 2026] [php:warn] [pid 14404:tid 1896] [client ::1:59461] PHP Warning:  Undefined global variable $_SESSION in C:\\Users\\luissaavaz\\Desktop\\efdesarrolloweb\\Servidor\\htdocs\\viernes12\\home.php on line 8, referer: http://localhost/viernes12/home.php
[Fri Jun 12 12:53:33.625681 2026] [php:warn] [pid 14404:tid 1896] [client ::1:59461] PHP Warning:  Trying to access array offset on value of type null in C:\\Users\\luissaavaz\\Desktop\\efdesarrolloweb\\Servidor\\htdocs\\viernes12\\home.php on line 8, referer: http://localhost/viernes12/home.php
[Fri Jun 12 12:53:33.625681 2026] [php:warn] [pid 14404:tid 1896] [client ::1:59461] PHP Warning:  Trying to access array offset on value of type null in C:\\Users\\luissaavaz\\Desktop\\efdesarrolloweb\\Servidor\\htdocs\\viernes12\\home.php on line 8, referer: http://localhost/viernes12/home.php
[Fri Jun 12 12:53:33.625681 2026] [php:warn] [pid 14404:tid 1896] [client ::1:59461] PHP Warning:  Undefined global variable $_SESSION in C:\\Users\\luissaavaz\\Desktop\\efdesarrolloweb\\Servidor\\htdocs\\viernes12\\home.php on line 9, referer: http://localhost/viernes12/home.php
[Fri Jun 12 12:53:33.625681 2026] [php:warn] [pid 14404:tid 1896] [client ::1:59461] PHP Warning:  Trying to access array offset on value of type null in C:\\Users\\luissaavaz\\Desktop\\efdesarrolloweb\\Servidor\\htdocs\\viernes12\\home.php on line 9, referer: http://localhost/viernes12/home.php
[Fri Jun 12 12:53:33.625681 2026] [php:warn] [pid 14404:tid 1896] [client ::1:59461] PHP Warning:  Trying to access array offset on value of type null in C:\\Users\\luissaavaz\\Desktop\\efdesarrolloweb\\Servidor\\htdocs\\viernes12\\home.php on line 9, referer: http://localhost/viernes12/home.php
[Fri Jun 12 12:53:33.625681 2026] [php:warn] [pid 14404:tid 1896] [client ::1:59461] PHP Warning:  Undefined global variable $_SESSION in C:\\Users\\luissaavaz\\Desktop\\efdesarrolloweb\\Servidor\\htdocs\\viernes12\\home.php on line 10, referer: http://localhost/viernes12/home.php
[Fri Jun 12 12:53:33.625681 2026] [php:warn] [pid 14404:tid 1896] [client ::1:59461] PHP Warning:  Trying to access array offset on value of type null in C:\\Users\\luissaavaz\\Desktop\\efdesarrolloweb\\Servidor\\htdocs\\viernes12\\home.php on line 10, referer: http://localhost/viernes12/home.php
[Fri Jun 12 12:53:33.625681 2026] [php:warn] [pid 14404:tid 1896] [client ::1:59461] PHP Warning:  Trying to access array offset on value of type null in C:\\Users\\luissaavaz\\Desktop\\efdesarrolloweb\\Servidor\\htdocs\\viernes12\\home.php on line 10, referer: http://localhost/viernes12/home.php
[Fri Jun 12 12:53:33.638257 2026] [php:warn] [pid 14404:tid 1896] [client ::1:59461] PHP Warning:  Undefined global variable $_SESSION in C:\\Users\\luissaavaz\\Desktop\\efdesarrolloweb\\Servidor\\htdocs\\viernes12\\home.php on line 8, referer: http://localhost/viernes12/home.php
[Fri Jun 12 12:53:33.638257 2026] [php:warn] [pid 14404:tid 1896] [client ::1:59461] PHP Warning:  Trying to access array offset on value of type null in C:\\Users\\luissaavaz\\Desktop\\efdesarrolloweb\\Servidor\\htdocs\\viernes12\\home.php on line 8, referer: http://localhost/viernes12/home.php
[Fri Jun 12 12:53:33.638257 2026] [php:warn] [pid 14404:tid 1896] [client ::1:59461] PHP Warning:  Trying to access array offset on value of type null in C:\\Users\\luissaavaz\\Desktop\\efdesarrolloweb\\Servidor\\htdocs\\viernes12\\home.php on line 8, referer: http://localhost/viernes12/home.php
[Fri Jun 12 12:53:33.638257 2026] [php:warn] [pid 14404:tid 1896] [client ::1:59461] PHP Warning:  Undefined global variable $_SESSION in C:\\Users\\luissaavaz\\Desktop\\efdesarrolloweb\\Servidor\\htdocs\\viernes12\\home.php on line 9, referer: http://localhost/viernes12/home.php
[Fri Jun 12 12:53:33.638257 2026] [php:warn] [pid 14404:tid 1896] [client ::1:59461] PHP Warning:  Trying to access array offset on value of type null in C:\\Users\\luissaavaz\\Desktop\\efdesarrolloweb\\Servidor\\htdocs\\viernes12\\home.php on line 9, referer: http://localhost/viernes12/home.php
[Fri Jun 12 12:53:33.638257 2026] [php:warn] [pid 14404:tid 1896] [client ::1:59461] PHP Warning:  Trying to access array offset on value of type null in C:\\Users\\luissaavaz\\Desktop\\efdesarrolloweb\\Servidor\\htdocs\\viernes12\\home.php on line 9, referer: http://localhost/viernes12/home.php
[Fri Jun 12 12:53:33.638257 2026] [php:warn] [pid 14404:tid 1896] [client ::1:59461] PHP Warning:  Undefined global variable $_SESSION in C:\\Users\\luissaavaz\\Desktop\\efdesarrolloweb\\Servidor\\htdocs\\viernes12\\home.php on line 10, referer: http://localhost/viernes12/home.php
[Fri Jun 12 12:53:33.638257 2026] [php:warn] [pid 14404:tid 1896] [client ::1:59461] PHP Warning:  Trying to access array offset on value of type null in C:\\Users\\luissaavaz\\Desktop\\efdesarrolloweb\\Servidor\\htdocs\\viernes12\\home.php on line 10, referer: http://localhost/viernes12/home.php
[Fri Jun 12 12:53:33.638257 2026] [php:warn] [pid 14404:tid 1896] [client ::1:59461] PHP Warning:  Trying to access array offset on value of type null in C:\\Users\\luissaavaz\\Desktop\\efdesarrolloweb\\Servidor\\htdocs\\viernes12\\home.php on line 10, referer: http://localhost/viernes12/home.php
[Fri Jun 12 12:53:33.653516 2026] [php:warn] [pid 14404:tid 1896] [client ::1:59461] PHP Warning:  Undefined global variable $_SESSION in C:\\Users\\luissaavaz\\Desktop\\efdesarrolloweb\\Servidor\\htdocs\\viernes12\\home.php on line 8, referer: http://localhost/viernes12/home.php
[Fri Jun 12 12:53:33.653516 2026] [php:warn] [pid 14404:tid 1896] [client ::1:59461] PHP Warning:  Trying to access array offset on value of type null in C:\\Users\\luissaavaz\\Desktop\\efdesarrolloweb\\Servidor\\htdocs\\viernes12\\home.php on line 8, referer: http://localhost/viernes12/home.php
[Fri Jun 12 12:53:33.654436 2026] [php:warn] [pid 14404:tid 1896] [client ::1:59461] PHP Warning:  Trying to access array offset on value of type null in C:\\Users\\luissaavaz\\Desktop\\efdesarrolloweb\\Servidor\\htdocs\\viernes12\\home.php on line 8, referer: http://localhost/viernes12/home.php
[Fri Jun 12 12:53:33.654436 2026] [php:warn] [pid 14404:tid 1896] [client ::1:59461] PHP Warning:  Undefined global variable $_SESSION in C:\\Users\\luissaavaz\\Desktop\\efdesarrolloweb\\Servidor\\htdocs\\viernes12\\home.php on line 9, referer: http://localhost/viernes12/home.php
[Fri Jun 12 12:53:33.654436 2026] [php:warn] [pid 14404:tid 1896] [client ::1:59461] PHP Warning:  Trying to access array offset on value of type null in C:\\Users\\luissaavaz\\Desktop\\efdesarrolloweb\\Servidor\\htdocs\\viernes12\\home.php on line 9, referer: http://localhost/viernes12/home.php
[Fri Jun 12 12:53:33.654436 2026] [php:warn] [pid 14404:tid 1896] [client ::1:59461] PHP Warning:  Trying to access array offset on value of type null in C:\\Users\\luissaavaz\\Desktop\\efdesarrolloweb\\Servidor\\htdocs\\viernes12\\home.php on line 9, referer: http://localhost/viernes12/home.php
[Fri Jun 12 12:53:33.654436 2026] [php:warn] [pid 14404:tid 1896] [client ::1:59461] PHP Warning:  Undefined global variable $_SESSION in C:\\Users\\luissaavaz\\Desktop\\efdesarrolloweb\\Servidor\\htdocs\\viernes12\\home.php on line 10, referer: http://localhost/viernes12/home.php
[Fri Jun 12 12:53:33.654436 2026] [php:warn] [pid 14404:tid 1896] [client ::1:59461] PHP Warning:  Trying to access array offset on value of type null in C:\\Users\\luissaavaz\\Desktop\\efdesarrolloweb\\Servidor\\htdocs\\viernes12\\home.php on line 10, referer: http://localhost/viernes12/home.php
[Fri Jun 12 12:53:33.655443 2026] [php:warn] [pid 14404:tid 1896] [client ::1:59461] PHP Warning:  Trying to access array offset on value of type null in C:\\Users\\luissaavaz\\Desktop\\efdesarrolloweb\\Servidor\\htdocs\\viernes12\\home.php on line 10, referer: http://localhost/viernes12/home.php
[Fri Jun 12 12:53:33.655443 2026] [php:warn] [pid 14404:tid 1896] [client ::1:59461] PHP Warning:  Undefined global variable $_SESSION in C:\\Users\\luissaavaz\\Desktop\\efdesarrolloweb\\Servidor\\htdocs\\viernes12\\home.php on line 8, referer: http://localhost/viernes12/home.php
[Fri Jun 12 12:53:33.655443 2026] [php:warn] [pid 14404:tid 1896] [client ::1:59461] PHP Warning:  Trying to access array offset on value of type null in C:\\Users\\luissaavaz\\Desktop\\efdesarrolloweb\\Servidor\\htdocs\\viernes12\\home.php on line 8, referer: http://localhost/viernes12/home.php
[Fri Jun 12 12:53:33.655443 2026] [php:warn] [pid 14404:tid 1896] [client ::1:59461] PHP Warning:  Trying to access array offset on value of type null in C:\\Users\\luissaavaz\\Desktop\\efdesarrolloweb\\Servidor\\htdocs\\viernes12\\home.php on line 8, referer: http://localhost/viernes12/home.php
[Fri Jun 12 12:53:33.655443 2026] [php:warn] [pid 14404:tid 1896] [client ::1:59461] PHP Warning:  Undefined global variable $_SESSION in C:\\Users\\luissaavaz\\Desktop\\efdesarrolloweb\\Servidor\\htdocs\\viernes12\\home.php on line 9, referer: http://localhost/viernes12/home.php
[Fri Jun 12 12:53:33.655443 2026] [php:warn] [pid 14404:tid 1896] [client ::1:59461] PHP Warning:  Trying to access array offset on value of type null in C:\\Users\\luissaavaz\\Desktop\\efdesarrolloweb\\Servidor\\htdocs\\viernes12\\home.php on line 9, referer: http://localhost/viernes12/home.php
[Fri Jun 12 12:53:33.655443 2026] [php:warn] [pid 14404:tid 1896] [client ::1:59461] PHP Warning:  Trying to access array offset on value of type null in C:\\Users\\luissaavaz\\Desktop\\efdesarrolloweb\\Servidor\\htdocs\\viernes12\\home.php on line 9, referer: http://localhost/viernes12/home.php
[Fri Jun 12 12:53:33.655443 2026] [php:warn] [pid 14404:tid 1896] [client ::1:59461] PHP Warning:  Undefined global variable $_SESSION in C:\\Users\\luissaavaz\\Desktop\\efdesarrolloweb\\Servidor\\htdocs\\viernes12\\home.php on line 10, referer: http://localhost/viernes12/home.php
[Fri Jun 12 12:53:33.655443 2026] [php:warn] [pid 14404:tid 1896] [client ::1:59461] PHP Warning:  Trying to access array offset on value of type null in C:\\Users\\luissaavaz\\Desktop\\efdesarrolloweb\\Servidor\\htdocs\\viernes12\\home.php on line 10, referer: http://localhost/viernes12/home.php
[Fri Jun 12 12:53:33.655443 2026] [php:warn] [pid 14404:tid 1896] [client ::1:59461] PHP Warning:  Trying to access array offset on value of type null in C:\\Users\\luissaavaz\\Desktop\\efdesarrolloweb\\Servidor\\htdocs\\viernes12\\home.php on line 10, referer: http://localhost/viernes12/home.php
[Fri Jun 12 12:53:33.669931 2026] [php:warn] [pid 14404:tid 1896] [client ::1:59461] PHP Warning:  Undefined global variable $_SESSION in C:\\Users\\luissaavaz\\Desktop\\efdesarrolloweb\\Servidor\\htdocs\\viernes12\\home.php on line 8, referer: http://localhost/viernes12/home.php
[Fri Jun 12 12:53:33.669931 2026] [php:warn] [pid 14404:tid 1896] [client ::1:59461] PHP Warning:  Trying to access array offset on value of type null in C:\\Users\\luissaavaz\\Desktop\\efdesarrolloweb\\Servidor\\htdocs\\viernes12\\home.php on line 8, referer: http://localhost/viernes12/home.php
[Fri Jun 12 12:53:33.670941 2026] [php:warn] [pid 14404:tid 1896] [client ::1:59461] PHP Warning:  Trying to access array offset on value of type null in C:\\Users\\luissaavaz\\Desktop\\efdesarrolloweb\\Servidor\\htdocs\\viernes12\\home.php on line 8, referer: http://localhost/viernes12/home.php
[Fri Jun 12 12:53:33.670941 2026] [php:warn] [pid 14404:tid 1896] [client ::1:59461] PHP Warning:  Undefined global variable $_SESSION in C:\\Users\\luissaavaz\\Desktop\\efdesarrolloweb\\Servidor\\htdocs\\viernes12\\home.php on line 9, referer: http://localhost/viernes12/home.php
[Fri Jun 12 12:53:33.670941 2026] [php:warn] [pid 14404:tid 1896] [client ::1:59461] PHP Warning:  Trying to access array offset on value of type null in C:\\Users\\luissaavaz\\Desktop\\efdesarrolloweb\\Servidor\\htdocs\\viernes12\\home.php on line 9, referer: http://localhost/viernes12/home.php
[Fri Jun 12 12:53:33.670941 2026] [php:warn] [pid 14404:tid 1896] [client ::1:59461] PHP Warning:  Trying to access array offset on value of type null in C:\\Users\\luissaavaz\\Desktop\\efdesarrolloweb\\Servidor\\htdocs\\viernes12\\home.php on line 9, referer: http://localhost/viernes12/home.php
[Fri Jun 12 12:53:33.670941 2026] [php:warn] [pid 14404:tid 1896] [client ::1:59461] PHP Warning:  Undefined global variable $_SESSION in C:\\Users\\luissaavaz\\Desktop\\efdesarrolloweb\\Servidor\\htdocs\\viernes12\\home.php on line 10, referer: http://localhost/viernes12/home.php
[Fri Jun 12 12:53:33.670941 2026] [php:warn] [pid 14404:tid 1896] [client ::1:59461] PHP Warning:  Trying to access array offset on value of type null in C:\\Users\\luissaavaz\\Desktop\\efdesarrolloweb\\Servidor\\htdocs\\viernes12\\home.php on line 10, referer: http://localhost/viernes12/home.php
[Fri Jun 12 12:53:33.671861 2026] [php:warn] [pid 14404:tid 1896] [client ::1:59461] PHP Warning:  Trying to access array offset on value of type null in C:\\Users\\luissaavaz\\Desktop\\efdesarrolloweb\\Servidor\\htdocs\\viernes12\\home.php on line 10, referer: http://localhost/viernes12/home.php
[Fri Jun 12 12:53:33.703455 2026] [php:warn] [pid 14404:tid 1896] [client ::1:59461] PHP Warning:  Undefined global variable $_SESSION in C:\\Users\\luissaavaz\\Desktop\\efdesarrolloweb\\Servidor\\htdocs\\viernes12\\home.php on line 8, referer: http://localhost/viernes12/home.php
[Fri Jun 12 12:53:33.703455 2026] [php:warn] [pid 14404:tid 1896] [client ::1:59461] PHP Warning:  Trying to access array offset on value of type null in C:\\Users\\luissaavaz\\Desktop\\efdesarrolloweb\\Servidor\\htdocs\\viernes12\\home.php on line 8, referer: http://localhost/viernes12/home.php
[Fri Jun 12 12:53:33.703455 2026] [php:warn] [pid 14404:tid 1896] [client ::1:59461] PHP Warning:  Trying to access array offset on value of type null in C:\\Users\\luissaavaz\\Desktop\\efdesarrolloweb\\Servidor\\htdocs\\viernes12\\home.php on line 8, referer: http://localhost/viernes12/home.php
[Fri Jun 12 12:53:33.704471 2026] [php:warn] [pid 14404:tid 1896] [client ::1:59461] PHP Warning:  Undefined global variable $_SESSION in C:\\Users\\luissaavaz\\Desktop\\efdesarrolloweb\\Servidor\\htdocs\\viernes12\\home.php on line 9, referer: http://localhost/viernes12/home.php
[Fri Jun 12 12:53:33.704471 2026] [php:warn] [pid 14404:tid 1896] [client ::1:59461] PHP Warning:  Trying to access array offset on value of type null in C:\\Users\\luissaavaz\\Desktop\\efdesarrolloweb\\Servidor\\htdocs\\viernes12\\home.php on line 9, referer: http://localhost/viernes12/home.php
[Fri Jun 12 12:53:33.704471 2026] [php:warn] [pid 14404:tid 1896] [client ::1:59461] PHP Warning:  Trying to access array offset on value of type null in C:\\Users\\luissaavaz\\Desktop\\efdesarrolloweb\\Servidor\\htdocs\\viernes12\\home.php on line 9, referer: http://localhost/viernes12/home.php
[Fri Jun 12 12:53:33.704471 2026] [php:warn] [pid 14404:tid 1896] [client ::1:59461] PHP Warning:  Undefined global variable $_SESSION in C:\\Users\\luissaavaz\\Desktop\\efdesarrolloweb\\Servidor\\htdocs\\viernes12\\home.php on line 10, referer: http://localhost/viernes12/home.php
[Fri Jun 12 12:53:33.704471 2026] [php:warn] [pid 14404:tid 1896] [client ::1:59461] PHP Warning:  Trying to access array offset on value of type null in C:\\Users\\luissaavaz\\Desktop\\efdesarrolloweb\\Servidor\\htdocs\\viernes12\\home.php on line 10, referer: http://localhost/viernes12/home.php
[Fri Jun 12 12:53:33.704471 2026] [php:warn] [pid 14404:tid 1896] [client ::1:59461] PHP Warning:  Trying to access array offset on value of type null in C:\\Users\\luissaavaz\\Desktop\\efdesarrolloweb\\Servidor\\htdocs\\viernes12\\home.php on line 10, referer: http://localhost/viernes12/home.php
[Fri Jun 12 12:53:33.736708 2026] [php:warn] [pid 14404:tid 1896] [client ::1:59461] PHP Warning:  Undefined global variable $_SESSION in C:\\Users\\luissaavaz\\Desktop\\efdesarrolloweb\\Servidor\\htdocs\\viernes12\\home.php on line 8, referer: http://localhost/viernes12/home.php
[Fri Jun 12 12:53:33.736708 2026] [php:warn] [pid 14404:tid 1896] [client ::1:59461] PHP Warning:  Trying to access array offset on value of type null in C:\\Users\\luissaavaz\\Desktop\\efdesarrolloweb\\Servidor\\htdocs\\viernes12\\home.php on line 8, referer: http://localhost/viernes12/home.php
[Fri Jun 12 12:53:33.737724 2026] [php:warn] [pid 14404:tid 1896] [client ::1:59461] PHP Warning:  Trying to access array offset on value of type null in C:\\Users\\luissaavaz\\Desktop\\efdesarrolloweb\\Servidor\\htdocs\\viernes12\\home.php on line 8, referer: http://localhost/viernes12/home.php
[Fri Jun 12 12:53:33.737724 2026] [php:warn] [pid 14404:tid 1896] [client ::1:59461] PHP Warning:  Undefined global variable $_SESSION in C:\\Users\\luissaavaz\\Desktop\\efdesarrolloweb\\Servidor\\htdocs\\viernes12\\home.php on line 9, referer: http://localhost/viernes12/home.php
[Fri Jun 12 12:53:33.737724 2026] [php:warn] [pid 14404:tid 1896] [client ::1:59461] PHP Warning:  Trying to access array offset on value of type null in C:\\Users\\luissaavaz\\Desktop\\efdesarrolloweb\\Servidor\\htdocs\\viernes12\\home.php on line 9, referer: http://localhost/viernes12/home.php
[Fri Jun 12 12:53:33.737724 2026] [php:warn] [pid 14404:tid 1896] [client ::1:59461] PHP Warning:  Trying to access array offset on value of type null in C:\\Users\\luissaavaz\\Desktop\\efdesarrolloweb\\Servidor\\htdocs\\viernes12\\home.php on line 9, referer: http://localhost/viernes12/home.php
[Fri Jun 12 12:53:33.737724 2026] [php:warn] [pid 14404:tid 1896] [client ::1:59461] PHP Warning:  Undefined global variable $_SESSION in C:\\Users\\luissaavaz\\Desktop\\efdesarrolloweb\\Servidor\\htdocs\\viernes12\\home.php on line 10, referer: http://localhost/viernes12/home.php
[Fri Jun 12 12:53:33.737724 2026] [php:warn] [pid 14404:tid 1896] [client ::1:59461] PHP Warning:  Trying to access array offset on value of type null in C:\\Users\\luissaavaz\\Desktop\\efdesarrolloweb\\Servidor\\htdocs\\viernes12\\home.php on line 10, referer: http://localhost/viernes12/home.php
[Fri Jun 12 12:53:33.738724 2026] [php:warn] [pid 14404:tid 1896] [client ::1:59461] PHP Warning:  Trying to access array offset on value of type null in C:\\Users\\luissaavaz\\Desktop\\efdesarrolloweb\\Servidor\\htdocs\\viernes12\\home.php on line 10, referer: http://localhost/viernes12/home.php
[Fri Jun 12 12:53:33.770663 2026] [php:warn] [pid 14404:tid 1896] [client ::1:59461] PHP Warning:  Undefined global variable $_SESSION in C:\\Users\\luissaavaz\\Desktop\\efdesarrolloweb\\Servidor\\htdocs\\viernes12\\home.php on line 8, referer: http://localhost/viernes12/home.php
[Fri Jun 12 12:53:33.771737 2026] [php:warn] [pid 14404:tid 1896] [client ::1:59461] PHP Warning:  Trying to access array offset on value of type null in C:\\Users\\luissaavaz\\Desktop\\efdesarrolloweb\\Servidor\\htdocs\\viernes12\\home.php on line 8, referer: http://localhost/viernes12/home.php
[Fri Jun 12 12:53:33.771737 2026] [php:warn] [pid 14404:tid 1896] [client ::1:59461] PHP Warning:  Trying to access array offset on value of type null in C:\\Users\\luissaavaz\\Desktop\\efdesarrolloweb\\Servidor\\htdocs\\viernes12\\home.php on line 8, referer: http://localhost/viernes12/home.php
[Fri Jun 12 12:53:33.771737 2026] [php:warn] [pid 14404:tid 1896] [client ::1:59461] PHP Warning:  Undefined global variable $_SESSION in C:\\Users\\luissaavaz\\Desktop\\efdesarrolloweb\\Servidor\\htdocs\\viernes12\\home.php on line 9, referer: http://localhost/viernes12/home.php
[Fri Jun 12 12:53:33.772674 2026] [php:warn] [pid 14404:tid 1896] [client ::1:59461] PHP Warning:  Trying to access array offset on value of type null in C:\\Users\\luissaavaz\\Desktop\\efdesarrolloweb\\Servidor\\htdocs\\viernes12\\home.php on line 9, referer: http://localhost/viernes12/home.php
[Fri Jun 12 12:53:33.772674 2026] [php:warn] [pid 14404:tid 1896] [client ::1:59461] PHP Warning:  Trying to access array offset on value of type null in C:\\Users\\luissaavaz\\Desktop\\efdesarrolloweb\\Servidor\\htdocs\\viernes12\\home.php on line 9, referer: http://localhost/viernes12/home.php
[Fri Jun 12 12:53:33.772674 2026] [php:warn] [pid 14404:tid 1896] [client ::1:59461] PHP Warning:  Undefined global variable $_SESSION in C:\\Users\\luissaavaz\\Desktop\\efdesarrolloweb\\Servidor\\htdocs\\viernes12\\home.php on line 10, referer: http://localhost/viernes12/home.php
[Fri Jun 12 12:53:33.772674 2026] [php:warn] [pid 14404:tid 1896] [client ::1:59461] PHP Warning:  Trying to access array offset on value of type null in C:\\Users\\luissaavaz\\Desktop\\efdesarrolloweb\\Servidor\\htdocs\\viernes12\\home.php on line 10, referer: http://localhost/viernes12/home.php
[Fri Jun 12 12:53:33.772674 2026] [php:warn] [pid 14404:tid 1896] [client ::1:59461] PHP Warning:  Trying to access array offset on value of type null in C:\\Users\\luissaavaz\\Desktop\\efdesarrolloweb\\Servidor\\htdocs\\viernes12\\home.php on line 10, referer: http://localhost/viernes12/home.php
[Fri Jun 12 12:53:33.788579 2026] [php:warn] [pid 14404:tid 1896] [client ::1:59461] PHP Warning:  Undefined global variable $_SESSION in C:\\Users\\luissaavaz\\Desktop\\efdesarrolloweb\\Servidor\\htdocs\\viernes12\\home.php on line 8, referer: http://localhost/viernes12/home.php
[Fri Jun 12 12:53:33.788579 2026] [php:warn] [pid 14404:tid 1896] [client ::1:59461] PHP Warning:  Trying to access array offset on value of type null in C:\\Users\\luissaavaz\\Desktop\\efdesarrolloweb\\Servidor\\htdocs\\viernes12\\home.php on line 8, referer: http://localhost/viernes12/home.php
[Fri Jun 12 12:53:33.788579 2026] [php:warn] [pid 14404:tid 1896] [client ::1:59461] PHP Warning:  Trying to access array offset on value of type null in C:\\Users\\luissaavaz\\Desktop\\efdesarrolloweb\\Servidor\\htdocs\\viernes12\\home.php on line 8, referer: http://localhost/viernes12/home.php
[Fri Jun 12 12:53:33.788579 2026] [php:warn] [pid 14404:tid 1896] [client ::1:59461] PHP Warning:  Undefined global variable $_SESSION in C:\\Users\\luissaavaz\\Desktop\\efdesarrolloweb\\Servidor\\htdocs\\viernes12\\home.php on line 9, referer: http://localhost/viernes12/home.php
[Fri Jun 12 12:53:33.788579 2026] [php:warn] [pid 14404:tid 1896] [client ::1:59461] PHP Warning:  Trying to access array offset on value of type null in C:\\Users\\luissaavaz\\Desktop\\efdesarrolloweb\\Servidor\\htdocs\\viernes12\\home.php on line 9, referer: http://localhost/viernes12/home.php
[Fri Jun 12 12:53:33.788579 2026] [php:warn] [pid 14404:tid 1896] [client ::1:59461] PHP Warning:  Trying to access array offset on value of type null in C:\\Users\\luissaavaz\\Desktop\\efdesarrolloweb\\Servidor\\htdocs\\viernes12\\home.php on line 9, referer: http://localhost/viernes12/home.php
[Fri Jun 12 12:53:33.788579 2026] [php:warn] [pid 14404:tid 1896] [client ::1:59461] PHP Warning:  Undefined global variable $_SESSION in C:\\Users\\luissaavaz\\Desktop\\efdesarrolloweb\\Servidor\\htdocs\\viernes12\\home.php on line 10, referer: http://localhost/viernes12/home.php
[Fri Jun 12 12:53:33.788579 2026] [php:warn] [pid 14404:tid 1896] [client ::1:59461] PHP Warning:  Trying to access array offset on value of type null in C:\\Users\\luissaavaz\\Desktop\\efdesarrolloweb\\Servidor\\htdocs\\viernes12\\home.php on line 10, referer: http://localhost/viernes12/home.php
[Fri Jun 12 12:53:33.788579 2026] [php:warn] [pid 14404:tid 1896] [client ::1:59461] PHP Warning:  Trying to access array offset on value of type null in C:\\Users\\luissaavaz\\Desktop\\efdesarrolloweb\\Servidor\\htdocs\\viernes12\\home.php on line 10, referer: http://localhost/viernes12/home.php
[Fri Jun 12 12:53:36.994344 2026] [php:warn] [pid 14404:tid 1896] [client ::1:59461] PHP Warning:  Undefined global variable $_SESSION in C:\\Users\\luissaavaz\\Desktop\\efdesarrolloweb\\Servidor\\htdocs\\viernes12\\home.php on line 8
[Fri Jun 12 12:53:36.994344 2026] [php:warn] [pid 14404:tid 1896] [client ::1:59461] PHP Warning:  Trying to access array offset on value of type null in C:\\Users\\luissaavaz\\Desktop\\efdesarrolloweb\\Servidor\\htdocs\\viernes12\\home.php on line 8
[Fri Jun 12 12:53:36.994344 2026] [php:warn] [pid 14404:tid 1896] [client ::1:59461] PHP Warning:  Trying to access array offset on value of type null in C:\\Users\\luissaavaz\\Desktop\\efdesarrolloweb\\Servidor\\htdocs\\viernes12\\home.php on line 8
[Fri Jun 12 12:53:36.994344 2026] [php:warn] [pid 14404:tid 1896] [client ::1:59461] PHP Warning:  Undefined global variable $_SESSION in C:\\Users\\luissaavaz\\Desktop\\efdesarrolloweb\\Servidor\\htdocs\\viernes12\\home.php on line 9
[Fri Jun 12 12:53:36.994344 2026] [php:warn] [pid 14404:tid 1896] [client ::1:59461] PHP Warning:  Trying to access array offset on value of type null in C:\\Users\\luissaavaz\\Desktop\\efdesarrolloweb\\Servidor\\htdocs\\viernes12\\home.php on line 9
[Fri Jun 12 12:53:36.994344 2026] [php:warn] [pid 14404:tid 1896] [client ::1:59461] PHP Warning:  Trying to access array offset on value of type null in C:\\Users\\luissaavaz\\Desktop\\efdesarrolloweb\\Servidor\\htdocs\\viernes12\\home.php on line 9
[Fri Jun 12 12:53:36.995344 2026] [php:warn] [pid 14404:tid 1896] [client ::1:59461] PHP Warning:  Undefined global variable $_SESSION in C:\\Users\\luissaavaz\\Desktop\\efdesarrolloweb\\Servidor\\htdocs\\viernes12\\home.php on line 10
[Fri Jun 12 12:53:36.995344 2026] [php:warn] [pid 14404:tid 1896] [client ::1:59461] PHP Warning:  Trying to access array offset on value of type null in C:\\Users\\luissaavaz\\Desktop\\efdesarrolloweb\\Servidor\\htdocs\\viernes12\\home.php on line 10
[Fri Jun 12 12:53:36.995344 2026] [php:warn] [pid 14404:tid 1896] [client ::1:59461] PHP Warning:  Trying to access array offset on value of type null in C:\\Users\\luissaavaz\\Desktop\\efdesarrolloweb\\Servidor\\htdocs\\viernes12\\home.php on line 10
[Fri Jun 12 12:53:37.008344 2026] [php:warn] [pid 14404:tid 1896] [client ::1:59461] PHP Warning:  Undefined global variable $_SESSION in C:\\Users\\luissaavaz\\Desktop\\efdesarrolloweb\\Servidor\\htdocs\\viernes12\\home.php on line 8
[Fri Jun 12 12:53:37.008344 2026] [php:warn] [pid 14404:tid 1896] [client ::1:59461] PHP Warning:  Trying to access array offset on value of type null in C:\\Users\\luissaavaz\\Desktop\\efdesarrolloweb\\Servidor\\htdocs\\viernes12\\home.php on line 8
[Fri Jun 12 12:53:37.009344 2026] [php:warn] [pid 14404:tid 1896] [client ::1:59461] PHP Warning:  Trying to access array offset on value of type null in C:\\Users\\luissaavaz\\Desktop\\efdesarrolloweb\\Servidor\\htdocs\\viernes12\\home.php on line 8
[Fri Jun 12 12:53:37.009344 2026] [php:warn] [pid 14404:tid 1896] [client ::1:59461] PHP Warning:  Undefined global variable $_SESSION in C:\\Users\\luissaavaz\\Desktop\\efdesarrolloweb\\Servidor\\htdocs\\viernes12\\home.php on line 9
[Fri Jun 12 12:53:37.009344 2026] [php:warn] [pid 14404:tid 1896] [client ::1:59461] PHP Warning:  Trying to access array offset on value of type null in C:\\Users\\luissaavaz\\Desktop\\efdesarrolloweb\\Servidor\\htdocs\\viernes12\\home.php on line 9
[Fri Jun 12 12:53:37.009344 2026] [php:warn] [pid 14404:tid 1896] [client ::1:59461] PHP Warning:  Trying to access array offset on value of type null in C:\\Users\\luissaavaz\\Desktop\\efdesarrolloweb\\Servidor\\htdocs\\viernes12\\home.php on line 9
[Fri Jun 12 12:53:37.009344 2026] [php:warn] [pid 14404:tid 1896] [client ::1:59461] PHP Warning:  Undefined global variable $_SESSION in C:\\Users\\luissaavaz\\Desktop\\efdesarrolloweb\\Servidor\\htdocs\\viernes12\\home.php on line 10
[Fri Jun 12 12:53:37.009344 2026] [php:warn] [pid 14404:tid 1896] [client ::1:59461] PHP Warning:  Trying to access array offset on value of type null in C:\\Users\\luissaavaz\\Desktop\\efdesarrolloweb\\Servidor\\htdocs\\viernes12\\home.php on line 10
[Fri Jun 12 12:53:37.010343 2026] [php:warn] [pid 14404:tid 1896] [client ::1:59461] PHP Warning:  Trying to access array offset on value of type null in C:\\Users\\luissaavaz\\Desktop\\efdesarrolloweb\\Servidor\\htdocs\\viernes12\\home.php on line 10
[Fri Jun 12 12:53:37.054334 2026] [php:warn] [pid 14404:tid 1896] [client ::1:59461] PHP Warning:  Undefined global variable $_SESSION in C:\\Users\\luissaavaz\\Desktop\\efdesarrolloweb\\Servidor\\htdocs\\viernes12\\home.php on line 8
[Fri Jun 12 12:53:37.054334 2026] [php:warn] [pid 14404:tid 1896] [client ::1:59461] PHP Warning:  Trying to access array offset on value of type null in C:\\Users\\luissaavaz\\Desktop\\efdesarrolloweb\\Servidor\\htdocs\\viernes12\\home.php on line 8
[Fri Jun 12 12:53:37.054334 2026] [php:warn] [pid 14404:tid 1896] [client ::1:59461] PHP Warning:  Trying to access array offset on value of type null in C:\\Users\\luissaavaz\\Desktop\\efdesarrolloweb\\Servidor\\htdocs\\viernes12\\home.php on line 8
[Fri Jun 12 12:53:37.054334 2026] [php:warn] [pid 14404:tid 1896] [client ::1:59461] PHP Warning:  Undefined global variable $_SESSION in C:\\Users\\luissaavaz\\Desktop\\efdesarrolloweb\\Servidor\\htdocs\\viernes12\\home.php on line 9
[Fri Jun 12 12:53:37.054334 2026] [php:warn] [pid 14404:tid 1896] [client ::1:59461] PHP Warning:  Trying to access array offset on value of type null in C:\\Users\\luissaavaz\\Desktop\\efdesarrolloweb\\Servidor\\htdocs\\viernes12\\home.php on line 9
[Fri Jun 12 12:53:37.054334 2026] [php:warn] [pid 14404:tid 1896] [client ::1:59461] PHP Warning:  Trying to access array offset on value of type null in C:\\Users\\luissaavaz\\Desktop\\efdesarrolloweb\\Servidor\\htdocs\\viernes12\\home.php on line 9
[Fri Jun 12 12:53:37.055328 2026] [php:warn] [pid 14404:tid 1896] [client ::1:59461] PHP Warning:  Undefined global variable $_SESSION in C:\\Users\\luissaavaz\\Desktop\\efdesarrolloweb\\Servidor\\htdocs\\viernes12\\home.php on line 10
[Fri Jun 12 12:53:37.055328 2026] [php:warn] [pid 14404:tid 1896] [client ::1:59461] PHP Warning:  Trying to access array offset on value of type null in C:\\Users\\luissaavaz\\Desktop\\efdesarrolloweb\\Servidor\\htdocs\\viernes12\\home.php on line 10
[Fri Jun 12 12:53:37.055328 2026] [php:warn] [pid 14404:tid 1896] [client ::1:59461] PHP Warning:  Trying to access array offset on value of type null in C:\\Users\\luissaavaz\\Desktop\\efdesarrolloweb\\Servidor\\htdocs\\viernes12\\home.php on line 10
[Fri Jun 12 12:53:37.087933 2026] [php:warn] [pid 14404:tid 1896] [client ::1:59461] PHP Warning:  Undefined global variable $_SESSION in C:\\Users\\luissaavaz\\Desktop\\efdesarrolloweb\\Servidor\\htdocs\\viernes12\\home.php on line 8
[Fri Jun 12 12:53:37.087933 2026] [php:warn] [pid 14404:tid 1896] [client ::1:59461] PHP Warning:  Trying to access array offset on value of type null in C:\\Users\\luissaavaz\\Desktop\\efdesarrolloweb\\Servidor\\htdocs\\viernes12\\home.php on line 8
[Fri Jun 12 12:53:37.087933 2026] [php:warn] [pid 14404:tid 1896] [client ::1:59461] PHP Warning:  Trying to access array offset on value of type null in C:\\Users\\luissaavaz\\Desktop\\efdesarrolloweb\\Servidor\\htdocs\\viernes12\\home.php on line 8
[Fri Jun 12 12:53:37.087933 2026] [php:warn] [pid 14404:tid 1896] [client ::1:59461] PHP Warning:  Undefined global variable $_SESSION in C:\\Users\\luissaavaz\\Desktop\\efdesarrolloweb\\Servidor\\htdocs\\viernes12\\home.php on line 9
[Fri Jun 12 12:53:37.088933 2026] [php:warn] [pid 14404:tid 1896] [client ::1:59461] PHP Warning:  Trying to access array offset on value of type null in C:\\Users\\luissaavaz\\Desktop\\efdesarrolloweb\\Servidor\\htdocs\\viernes12\\home.php on line 9
[Fri Jun 12 12:53:37.088933 2026] [php:warn] [pid 14404:tid 1896] [client ::1:59461] PHP Warning:  Trying to access array offset on value of type null in C:\\Users\\luissaavaz\\Desktop\\efdesarrolloweb\\Servidor\\htdocs\\viernes12\\home.php on line 9
[Fri Jun 12 12:53:37.088933 2026] [php:warn] [pid 14404:tid 1896] [client ::1:59461] PHP Warning:  Undefined global variable $_SESSION in C:\\Users\\luissaavaz\\Desktop\\efdesarrolloweb\\Servidor\\htdocs\\viernes12\\home.php on line 10
[Fri Jun 12 12:53:37.089930 2026] [php:warn] [pid 14404:tid 1896] [client ::1:59461] PHP Warning:  Trying to access array offset on value of type null in C:\\Users\\luissaavaz\\Desktop\\efdesarrolloweb\\Servidor\\htdocs\\viernes12\\home.php on line 10
[Fri Jun 12 12:53:37.089930 2026] [php:warn] [pid 14404:tid 1896] [client ::1:59461] PHP Warning:  Trying to access array offset on value of type null in C:\\Users\\luissaavaz\\Desktop\\efdesarrolloweb\\Servidor\\htdocs\\viernes12\\home.php on line 10
[Fri Jun 12 12:53:37.106687 2026] [php:warn] [pid 14404:tid 1896] [client ::1:59461] PHP Warning:  Undefined global variable $_SESSION in C:\\Users\\luissaavaz\\Desktop\\efdesarrolloweb\\Servidor\\htdocs\\viernes12\\home.php on line 8
[Fri Jun 12 12:53:37.106687 2026] [php:warn] [pid 14404:tid 1896] [client ::1:59461] PHP Warning:  Trying to access array offset on value of type null in C:\\Users\\luissaavaz\\Desktop\\efdesarrolloweb\\Servidor\\htdocs\\viernes12\\home.php on line 8
[Fri Jun 12 12:53:37.106687 2026] [php:warn] [pid 14404:tid 1896] [client ::1:59461] PHP Warning:  Trying to access array offset on value of type null in C:\\Users\\luissaavaz\\Desktop\\efdesarrolloweb\\Servidor\\htdocs\\viernes12\\home.php on line 8
[Fri Jun 12 12:53:37.108570 2026] [php:warn] [pid 14404:tid 1896] [client ::1:59461] PHP Warning:  Undefined global variable $_SESSION in C:\\Users\\luissaavaz\\Desktop\\efdesarrolloweb\\Servidor\\htdocs\\viernes12\\home.php on line 9
[Fri Jun 12 12:53:37.108570 2026] [php:warn] [pid 14404:tid 1896] [client ::1:59461] PHP Warning:  Trying to access array offset on value of type null in C:\\Users\\luissaavaz\\Desktop\\efdesarrolloweb\\Servidor\\htdocs\\viernes12\\home.php on line 9
[Fri Jun 12 12:53:37.108570 2026] [php:warn] [pid 14404:tid 1896] [client ::1:59461] PHP Warning:  Trying to access array offset on value of type null in C:\\Users\\luissaavaz\\Desktop\\efdesarrolloweb\\Servidor\\htdocs\\viernes12\\home.php on line 9
[Fri Jun 12 12:53:37.108570 2026] [php:warn] [pid 14404:tid 1896] [client ::1:59461] PHP Warning:  Undefined global variable $_SESSION in C:\\Users\\luissaavaz\\Desktop\\efdesarrolloweb\\Servidor\\htdocs\\viernes12\\home.php on line 10
[Fri Jun 12 12:53:37.108570 2026] [php:warn] [pid 14404:tid 1896] [client ::1:59461] PHP Warning:  Trying to access array offset on value of type null in C:\\Users\\luissaavaz\\Desktop\\efdesarrolloweb\\Servidor\\htdocs\\viernes12\\home.php on line 10
[Fri Jun 12 12:53:37.108570 2026] [php:warn] [pid 14404:tid 1896] [client ::1:59461] PHP Warning:  Trying to access array offset on value of type null in C:\\Users\\luissaavaz\\Desktop\\efdesarrolloweb\\Servidor\\htdocs\\viernes12\\home.php on line 10
[Fri Jun 12 12:53:37.136556 2026] [php:warn] [pid 14404:tid 1896] [client ::1:59461] PHP Warning:  Undefined global variable $_SESSION in C:\\Users\\luissaavaz\\Desktop\\efdesarrolloweb\\Servidor\\htdocs\\viernes12\\home.php on line 8
[Fri Jun 12 12:53:37.136556 2026] [php:warn] [pid 14404:tid 1896] [client ::1:59461] PHP Warning:  Trying to access array offset on value of type null in C:\\Users\\luissaavaz\\Desktop\\efdesarrolloweb\\Servidor\\htdocs\\viernes12\\home.php on line 8
[Fri Jun 12 12:53:37.136556 2026] [php:warn] [pid 14404:tid 1896] [client ::1:59461] PHP Warning:  Trying to access array offset on value of type null in C:\\Users\\luissaavaz\\Desktop\\efdesarrolloweb\\Servidor\\htdocs\\viernes12\\home.php on line 8
[Fri Jun 12 12:53:37.136556 2026] [php:warn] [pid 14404:tid 1896] [client ::1:59461] PHP Warning:  Undefined global variable $_SESSION in C:\\Users\\luissaavaz\\Desktop\\efdesarrolloweb\\Servidor\\htdocs\\viernes12\\home.php on line 9
[Fri Jun 12 12:53:37.136556 2026] [php:warn] [pid 14404:tid 1896] [client ::1:59461] PHP Warning:  Trying to access array offset on value of type null in C:\\Users\\luissaavaz\\Desktop\\efdesarrolloweb\\Servidor\\htdocs\\viernes12\\home.php on line 9
[Fri Jun 12 12:53:37.136556 2026] [php:warn] [pid 14404:tid 1896] [client ::1:59461] PHP Warning:  Trying to access array offset on value of type null in C:\\Users\\luissaavaz\\Desktop\\efdesarrolloweb\\Servidor\\htdocs\\viernes12\\home.php on line 9
[Fri Jun 12 12:53:37.136556 2026] [php:warn] [pid 14404:tid 1896] [client ::1:59461] PHP Warning:  Undefined global variable $_SESSION in C:\\Users\\luissaavaz\\Desktop\\efdesarrolloweb\\Servidor\\htdocs\\viernes12\\home.php on line 10
[Fri Jun 12 12:53:37.136556 2026] [php:warn] [pid 14404:tid 1896] [client ::1:59461] PHP Warning:  Trying to access array offset on value of type null in C:\\Users\\luissaavaz\\Desktop\\efdesarrolloweb\\Servidor\\htdocs\\viernes12\\home.php on line 10
[Fri Jun 12 12:53:37.137668 2026] [php:warn] [pid 14404:tid 1896] [client ::1:59461] PHP Warning:  Trying to access array offset on value of type null in C:\\Users\\luissaavaz\\Desktop\\efdesarrolloweb\\Servidor\\htdocs\\viernes12\\home.php on line 10
[Fri Jun 12 12:53:37.151985 2026] [php:warn] [pid 14404:tid 1896] [client ::1:59461] PHP Warning:  Undefined global variable $_SESSION in C:\\Users\\luissaavaz\\Desktop\\efdesarrolloweb\\Servidor\\htdocs\\viernes12\\home.php on line 8
[Fri Jun 12 12:53:37.151985 2026] [php:warn] [pid 14404:tid 1896] [client ::1:59461] PHP Warning:  Trying to access array offset on value of type null in C:\\Users\\luissaavaz\\Desktop\\efdesarrolloweb\\Servidor\\htdocs\\viernes12\\home.php on line 8
[Fri Jun 12 12:53:37.151985 2026] [php:warn] [pid 14404:tid 1896] [client ::1:59461] PHP Warning:  Trying to access array offset on value of type null in C:\\Users\\luissaavaz\\Desktop\\efdesarrolloweb\\Servidor\\htdocs\\viernes12\\home.php on line 8
[Fri Jun 12 12:53:37.151985 2026] [php:warn] [pid 14404:tid 1896] [client ::1:59461] PHP Warning:  Undefined global variable $_SESSION in C:\\Users\\luissaavaz\\Desktop\\efdesarrolloweb\\Servidor\\htdocs\\viernes12\\home.php on line 9
[Fri Jun 12 12:53:37.151985 2026] [php:warn] [pid 14404:tid 1896] [client ::1:59461] PHP Warning:  Trying to access array offset on value of type null in C:\\Users\\luissaavaz\\Desktop\\efdesarrolloweb\\Servidor\\htdocs\\viernes12\\home.php on line 9
[Fri Jun 12 12:53:37.152983 2026] [php:warn] [pid 14404:tid 1896] [client ::1:59461] PHP Warning:  Trying to access array offset on value of type null in C:\\Users\\luissaavaz\\Desktop\\efdesarrolloweb\\Servidor\\htdocs\\viernes12\\home.php on line 9
[Fri Jun 12 12:53:37.152983 2026] [php:warn] [pid 14404:tid 1896] [client ::1:59461] PHP Warning:  Undefined global variable $_SESSION in C:\\Users\\luissaavaz\\Desktop\\efdesarrolloweb\\Servidor\\htdocs\\viernes12\\home.php on line 10
[Fri Jun 12 12:53:37.152983 2026] [php:warn] [pid 14404:tid 1896] [client ::1:59461] PHP Warning:  Trying to access array offset on value of type null in C:\\Users\\luissaavaz\\Desktop\\efdesarrolloweb\\Servidor\\htdocs\\viernes12\\home.php on line 10
[Fri Jun 12 12:53:37.152983 2026] [php:warn] [pid 14404:tid 1896] [client ::1:59461] PHP Warning:  Trying to access array offset on value of type null in C:\\Users\\luissaavaz\\Desktop\\efdesarrolloweb\\Servidor\\htdocs\\viernes12\\home.php on line 10
[Fri Jun 12 12:53:37.156135 2026] [php:warn] [pid 14404:tid 1896] [client ::1:59461] PHP Warning:  Undefined global variable $_SESSION in C:\\Users\\luissaavaz\\Desktop\\efdesarrolloweb\\Servidor\\htdocs\\viernes12\\home.php on line 8
[Fri Jun 12 12:53:37.156135 2026] [php:warn] [pid 14404:tid 1896] [client ::1:59461] PHP Warning:  Trying to access array offset on value of type null in C:\\Users\\luissaavaz\\Desktop\\efdesarrolloweb\\Servidor\\htdocs\\viernes12\\home.php on line 8
[Fri Jun 12 12:53:37.156135 2026] [php:warn] [pid 14404:tid 1896] [client ::1:59461] PHP Warning:  Trying to access array offset on value of type null in C:\\Users\\luissaavaz\\Desktop\\efdesarrolloweb\\Servidor\\htdocs\\viernes12\\home.php on line 8
[Fri Jun 12 12:53:37.156135 2026] [php:warn] [pid 14404:tid 1896] [client ::1:59461] PHP Warning:  Undefined global variable $_SESSION in C:\\Users\\luissaavaz\\Desktop\\efdesarrolloweb\\Servidor\\htdocs\\viernes12\\home.php on line 9
[Fri Jun 12 12:53:37.156135 2026] [php:warn] [pid 14404:tid 1896] [client ::1:59461] PHP Warning:  Trying to access array offset on value of type null in C:\\Users\\luissaavaz\\Desktop\\efdesarrolloweb\\Servidor\\htdocs\\viernes12\\home.php on line 9
[Fri Jun 12 12:53:37.156135 2026] [php:warn] [pid 14404:tid 1896] [client ::1:59461] PHP Warning:  Trying to access array offset on value of type null in C:\\Users\\luissaavaz\\Desktop\\efdesarrolloweb\\Servidor\\htdocs\\viernes12\\home.php on line 9
[Fri Jun 12 12:53:37.156135 2026] [php:warn] [pid 14404:tid 1896] [client ::1:59461] PHP Warning:  Undefined global variable $_SESSION in C:\\Users\\luissaavaz\\Desktop\\efdesarrolloweb\\Servidor\\htdocs\\viernes12\\home.php on line 10
[Fri Jun 12 12:53:37.156135 2026] [php:warn] [pid 14404:tid 1896] [client ::1:59461] PHP Warning:  Trying to access array offset on value of type null in C:\\Users\\luissaavaz\\Desktop\\efdesarrolloweb\\Servidor\\htdocs\\viernes12\\home.php on line 10
[Fri Jun 12 12:53:37.156135 2026] [php:warn] [pid 14404:tid 1896] [client ::1:59461] PHP Warning:  Trying to access array offset on value of type null in C:\\Users\\luissaavaz\\Desktop\\efdesarrolloweb\\Servidor\\htdocs\\viernes12\\home.php on line 10
[Fri Jun 12 12:53:37.187395 2026] [php:warn] [pid 14404:tid 1896] [client ::1:59461] PHP Warning:  Undefined global variable $_SESSION in C:\\Users\\luissaavaz\\Desktop\\efdesarrolloweb\\Servidor\\htdocs\\viernes12\\home.php on line 8
[Fri Jun 12 12:53:37.188461 2026] [php:warn] [pid 14404:tid 1896] [client ::1:59461] PHP Warning:  Trying to access array offset on value of type null in C:\\Users\\luissaavaz\\Desktop\\efdesarrolloweb\\Servidor\\htdocs\\viernes12\\home.php on line 8
[Fri Jun 12 12:53:37.188461 2026] [php:warn] [pid 14404:tid 1896] [client ::1:59461] PHP Warning:  Trying to access array offset on value of type null in C:\\Users\\luissaavaz\\Desktop\\efdesarrolloweb\\Servidor\\htdocs\\viernes12\\home.php on line 8
[Fri Jun 12 12:53:37.188969 2026] [php:warn] [pid 14404:tid 1896] [client ::1:59461] PHP Warning:  Undefined global variable $_SESSION in C:\\Users\\luissaavaz\\Desktop\\efdesarrolloweb\\Servidor\\htdocs\\viernes12\\home.php on line 9
[Fri Jun 12 12:53:37.188969 2026] [php:warn] [pid 14404:tid 1896] [client ::1:59461] PHP Warning:  Trying to access array offset on value of type null in C:\\Users\\luissaavaz\\Desktop\\efdesarrolloweb\\Servidor\\htdocs\\viernes12\\home.php on line 9
[Fri Jun 12 12:53:37.188969 2026] [php:warn] [pid 14404:tid 1896] [client ::1:59461] PHP Warning:  Trying to access array offset on value of type null in C:\\Users\\luissaavaz\\Desktop\\efdesarrolloweb\\Servidor\\htdocs\\viernes12\\home.php on line 9
[Fri Jun 12 12:53:37.188969 2026] [php:warn] [pid 14404:tid 1896] [client ::1:59461] PHP Warning:  Undefined global variable $_SESSION in C:\\Users\\luissaavaz\\Desktop\\efdesarrolloweb\\Servidor\\htdocs\\viernes12\\home.php on line 10
[Fri Jun 12 12:53:37.188969 2026] [php:warn] [pid 14404:tid 1896] [client ::1:59461] PHP Warning:  Trying to access array offset on value of type null in C:\\Users\\luissaavaz\\Desktop\\efdesarrolloweb\\Servidor\\htdocs\\viernes12\\home.php on line 10
[Fri Jun 12 12:53:37.188969 2026] [php:warn] [pid 14404:tid 1896] [client ::1:59461] PHP Warning:  Trying to access array offset on value of type null in C:\\Users\\luissaavaz\\Desktop\\efdesarrolloweb\\Servidor\\htdocs\\viernes12\\home.php on line 10
[Fri Jun 12 12:53:37.206637 2026] [php:warn] [pid 14404:tid 1896] [client ::1:59461] PHP Warning:  Undefined global variable $_SESSION in C:\\Users\\luissaavaz\\Desktop\\efdesarrolloweb\\Servidor\\htdocs\\viernes12\\home.php on line 8
[Fri Jun 12 12:53:37.206637 2026] [php:warn] [pid 14404:tid 1896] [client ::1:59461] PHP Warning:  Trying to access array offset on value of type null in C:\\Users\\luissaavaz\\Desktop\\efdesarrolloweb\\Servidor\\htdocs\\viernes12\\home.php on line 8
[Fri Jun 12 12:53:37.206637 2026] [php:warn] [pid 14404:tid 1896] [client ::1:59461] PHP Warning:  Trying to access array offset on value of type null in C:\\Users\\luissaavaz\\Desktop\\efdesarrolloweb\\Servidor\\htdocs\\viernes12\\home.php on line 8
[Fri Jun 12 12:53:37.206637 2026] [php:warn] [pid 14404:tid 1896] [client ::1:59461] PHP Warning:  Undefined global variable $_SESSION in C:\\Users\\luissaavaz\\Desktop\\efdesarrolloweb\\Servidor\\htdocs\\viernes12\\home.php on line 9
[Fri Jun 12 12:53:37.206637 2026] [php:warn] [pid 14404:tid 1896] [client ::1:59461] PHP Warning:  Trying to access array offset on value of type null in C:\\Users\\luissaavaz\\Desktop\\efdesarrolloweb\\Servidor\\htdocs\\viernes12\\home.php on line 9
[Fri Jun 12 12:53:37.206637 2026] [php:warn] [pid 14404:tid 1896] [client ::1:59461] PHP Warning:  Trying to access array offset on value of type null in C:\\Users\\luissaavaz\\Desktop\\efdesarrolloweb\\Servidor\\htdocs\\viernes12\\home.php on line 9
[Fri Jun 12 12:53:37.206637 2026] [php:warn] [pid 14404:tid 1896] [client ::1:59461] PHP Warning:  Undefined global variable $_SESSION in C:\\Users\\luissaavaz\\Desktop\\efdesarrolloweb\\Servidor\\htdocs\\viernes12\\home.php on line 10
[Fri Jun 12 12:53:37.206637 2026] [php:warn] [pid 14404:tid 1896] [client ::1:59461] PHP Warning:  Trying to access array offset on value of type null in C:\\Users\\luissaavaz\\Desktop\\efdesarrolloweb\\Servidor\\htdocs\\viernes12\\home.php on line 10
[Fri Jun 12 12:53:37.206637 2026] [php:warn] [pid 14404:tid 1896] [client ::1:59461] PHP Warning:  Trying to access array offset on value of type null in C:\\Users\\luissaavaz\\Desktop\\efdesarrolloweb\\Servidor\\htdocs\\viernes12\\home.php on line 10
[Fri Jun 12 12:53:51.483840 2026] [php:warn] [pid 14404:tid 1896] [client ::1:61068] PHP Warning:  Undefined global variable $_SESSION in C:\\Users\\luissaavaz\\Desktop\\efdesarrolloweb\\Servidor\\htdocs\\viernes12\\home.php on line 8
[Fri Jun 12 12:53:51.483840 2026] [php:warn] [pid 14404:tid 1896] [client ::1:61068] PHP Warning:  Trying to access array offset on value of type null in C:\\Users\\luissaavaz\\Desktop\\efdesarrolloweb\\Servidor\\htdocs\\viernes12\\home.php on line 8
[Fri Jun 12 12:53:51.483840 2026] [php:warn] [pid 14404:tid 1896] [client ::1:61068] PHP Warning:  Trying to access array offset on value of type null in C:\\Users\\luissaavaz\\Desktop\\efdesarrolloweb\\Servidor\\htdocs\\viernes12\\home.php on line 8
[Fri Jun 12 12:53:51.483840 2026] [php:warn] [pid 14404:tid 1896] [client ::1:61068] PHP Warning:  Undefined global variable $_SESSION in C:\\Users\\luissaavaz\\Desktop\\efdesarrolloweb\\Servidor\\htdocs\\viernes12\\home.php on line 9
[Fri Jun 12 12:53:51.483840 2026] [php:warn] [pid 14404:tid 1896] [client ::1:61068] PHP Warning:  Trying to access array offset on value of type null in C:\\Users\\luissaavaz\\Desktop\\efdesarrolloweb\\Servidor\\htdocs\\viernes12\\home.php on line 9
[Fri Jun 12 12:53:51.483840 2026] [php:warn] [pid 14404:tid 1896] [client ::1:61068] PHP Warning:  Trying to access array offset on value of type null in C:\\Users\\luissaavaz\\Desktop\\efdesarrolloweb\\Servidor\\htdocs\\viernes12\\home.php on line 9
[Fri Jun 12 12:53:51.483840 2026] [php:warn] [pid 14404:tid 1896] [client ::1:61068] PHP Warning:  Undefined global variable $_SESSION in C:\\Users\\luissaavaz\\Desktop\\efdesarrolloweb\\Servidor\\htdocs\\viernes12\\home.php on line 10
[Fri Jun 12 12:53:51.483840 2026] [php:warn] [pid 14404:tid 1896] [client ::1:61068] PHP Warning:  Trying to access array offset on value of type null in C:\\Users\\luissaavaz\\Desktop\\efdesarrolloweb\\Servidor\\htdocs\\viernes12\\home.php on line 10
[Fri Jun 12 12:53:51.483840 2026] [php:warn] [pid 14404:tid 1896] [client ::1:61068] PHP Warning:  Trying to access array offset on value of type null in C:\\Users\\luissaavaz\\Desktop\\efdesarrolloweb\\Servidor\\htdocs\\viernes12\\home.php on line 10
[Fri Jun 12 12:53:51.515253 2026] [php:warn] [pid 14404:tid 1896] [client ::1:61068] PHP Warning:  Undefined global variable $_SESSION in C:\\Users\\luissaavaz\\Desktop\\efdesarrolloweb\\Servidor\\htdocs\\viernes12\\home.php on line 8
[Fri Jun 12 12:53:51.515253 2026] [php:warn] [pid 14404:tid 1896] [client ::1:61068] PHP Warning:  Trying to access array offset on value of type null in C:\\Users\\luissaavaz\\Desktop\\efdesarrolloweb\\Servidor\\htdocs\\viernes12\\home.php on line 8
[Fri Jun 12 12:53:51.515253 2026] [php:warn] [pid 14404:tid 1896] [client ::1:61068] PHP Warning:  Trying to access array offset on value of type null in C:\\Users\\luissaavaz\\Desktop\\efdesarrolloweb\\Servidor\\htdocs\\viernes12\\home.php on line 8
[Fri Jun 12 12:53:51.515253 2026] [php:warn] [pid 14404:tid 1896] [client ::1:61068] PHP Warning:  Undefined global variable $_SESSION in C:\\Users\\luissaavaz\\Desktop\\efdesarrolloweb\\Servidor\\htdocs\\viernes12\\home.php on line 9
[Fri Jun 12 12:53:51.515253 2026] [php:warn] [pid 14404:tid 1896] [client ::1:61068] PHP Warning:  Trying to access array offset on value of type null in C:\\Users\\luissaavaz\\Desktop\\efdesarrolloweb\\Servidor\\htdocs\\viernes12\\home.php on line 9
[Fri Jun 12 12:53:51.515253 2026] [php:warn] [pid 14404:tid 1896] [client ::1:61068] PHP Warning:  Trying to access array offset on value of type null in C:\\Users\\luissaavaz\\Desktop\\efdesarrolloweb\\Servidor\\htdocs\\viernes12\\home.php on line 9
[Fri Jun 12 12:53:51.516256 2026] [php:warn] [pid 14404:tid 1896] [client ::1:61068] PHP Warning:  Undefined global variable $_SESSION in C:\\Users\\luissaavaz\\Desktop\\efdesarrolloweb\\Servidor\\htdocs\\viernes12\\home.php on line 10
[Fri Jun 12 12:53:51.516256 2026] [php:warn] [pid 14404:tid 1896] [client ::1:61068] PHP Warning:  Trying to access array offset on value of type null in C:\\Users\\luissaavaz\\Desktop\\efdesarrolloweb\\Servidor\\htdocs\\viernes12\\home.php on line 10
[Fri Jun 12 12:53:51.516256 2026] [php:warn] [pid 14404:tid 1896] [client ::1:61068] PHP Warning:  Trying to access array offset on value of type null in C:\\Users\\luissaavaz\\Desktop\\efdesarrolloweb\\Servidor\\htdocs\\viernes12\\home.php on line 10
[Fri Jun 12 12:53:51.539910 2026] [php:warn] [pid 14404:tid 1896] [client ::1:61068] PHP Warning:  Undefined global variable $_SESSION in C:\\Users\\luissaavaz\\Desktop\\efdesarrolloweb\\Servidor\\htdocs\\viernes12\\home.php on line 8
[Fri Jun 12 12:53:51.539910 2026] [php:warn] [pid 14404:tid 1896] [client ::1:61068] PHP Warning:  Trying to access array offset on value of type null in C:\\Users\\luissaavaz\\Desktop\\efdesarrolloweb\\Servidor\\htdocs\\viernes12\\home.php on line 8
[Fri Jun 12 12:53:51.539910 2026] [php:warn] [pid 14404:tid 1896] [client ::1:61068] PHP Warning:  Trying to access array offset on value of type null in C:\\Users\\luissaavaz\\Desktop\\efdesarrolloweb\\Servidor\\htdocs\\viernes12\\home.php on line 8
[Fri Jun 12 12:53:51.539910 2026] [php:warn] [pid 14404:tid 1896] [client ::1:61068] PHP Warning:  Undefined global variable $_SESSION in C:\\Users\\luissaavaz\\Desktop\\efdesarrolloweb\\Servidor\\htdocs\\viernes12\\home.php on line 9
[Fri Jun 12 12:53:51.539910 2026] [php:warn] [pid 14404:tid 1896] [client ::1:61068] PHP Warning:  Trying to access array offset on value of type null in C:\\Users\\luissaavaz\\Desktop\\efdesarrolloweb\\Servidor\\htdocs\\viernes12\\home.php on line 9
[Fri Jun 12 12:53:51.539910 2026] [php:warn] [pid 14404:tid 1896] [client ::1:61068] PHP Warning:  Trying to access array offset on value of type null in C:\\Users\\luissaavaz\\Desktop\\efdesarrolloweb\\Servidor\\htdocs\\viernes12\\home.php on line 9
[Fri Jun 12 12:53:51.540915 2026] [php:warn] [pid 14404:tid 1896] [client ::1:61068] PHP Warning:  Undefined global variable $_SESSION in C:\\Users\\luissaavaz\\Desktop\\efdesarrolloweb\\Servidor\\htdocs\\viernes12\\home.php on line 10
[Fri Jun 12 12:53:51.540915 2026] [php:warn] [pid 14404:tid 1896] [client ::1:61068] PHP Warning:  Trying to access array offset on value of type null in C:\\Users\\luissaavaz\\Desktop\\efdesarrolloweb\\Servidor\\htdocs\\viernes12\\home.php on line 10
[Fri Jun 12 12:53:51.540915 2026] [php:warn] [pid 14404:tid 1896] [client ::1:61068] PHP Warning:  Trying to access array offset on value of type null in C:\\Users\\luissaavaz\\Desktop\\efdesarrolloweb\\Servidor\\htdocs\\viernes12\\home.php on line 10
[Fri Jun 12 12:53:51.570321 2026] [php:warn] [pid 14404:tid 1896] [client ::1:61068] PHP Warning:  Undefined global variable $_SESSION in C:\\Users\\luissaavaz\\Desktop\\efdesarrolloweb\\Servidor\\htdocs\\viernes12\\home.php on line 8
[Fri Jun 12 12:53:51.570321 2026] [php:warn] [pid 14404:tid 1896] [client ::1:61068] PHP Warning:  Trying to access array offset on value of type null in C:\\Users\\luissaavaz\\Desktop\\efdesarrolloweb\\Servidor\\htdocs\\viernes12\\home.php on line 8
[Fri Jun 12 12:53:51.571328 2026] [php:warn] [pid 14404:tid 1896] [client ::1:61068] PHP Warning:  Trying to access array offset on value of type null in C:\\Users\\luissaavaz\\Desktop\\efdesarrolloweb\\Servidor\\htdocs\\viernes12\\home.php on line 8
[Fri Jun 12 12:53:51.571328 2026] [php:warn] [pid 14404:tid 1896] [client ::1:61068] PHP Warning:  Undefined global variable $_SESSION in C:\\Users\\luissaavaz\\Desktop\\efdesarrolloweb\\Servidor\\htdocs\\viernes12\\home.php on line 9
[Fri Jun 12 12:53:51.571328 2026] [php:warn] [pid 14404:tid 1896] [client ::1:61068] PHP Warning:  Trying to access array offset on value of type null in C:\\Users\\luissaavaz\\Desktop\\efdesarrolloweb\\Servidor\\htdocs\\viernes12\\home.php on line 9
[Fri Jun 12 12:53:51.571328 2026] [php:warn] [pid 14404:tid 1896] [client ::1:61068] PHP Warning:  Trying to access array offset on value of type null in C:\\Users\\luissaavaz\\Desktop\\efdesarrolloweb\\Servidor\\htdocs\\viernes12\\home.php on line 9
[Fri Jun 12 12:53:51.572331 2026] [php:warn] [pid 14404:tid 1896] [client ::1:61068] PHP Warning:  Undefined global variable $_SESSION in C:\\Users\\luissaavaz\\Desktop\\efdesarrolloweb\\Servidor\\htdocs\\viernes12\\home.php on line 10
[Fri Jun 12 12:53:51.572331 2026] [php:warn] [pid 14404:tid 1896] [client ::1:61068] PHP Warning:  Trying to access array offset on value of type null in C:\\Users\\luissaavaz\\Desktop\\efdesarrolloweb\\Servidor\\htdocs\\viernes12\\home.php on line 10
[Fri Jun 12 12:53:51.572331 2026] [php:warn] [pid 14404:tid 1896] [client ::1:61068] PHP Warning:  Trying to access array offset on value of type null in C:\\Users\\luissaavaz\\Desktop\\efdesarrolloweb\\Servidor\\htdocs\\viernes12\\home.php on line 10
[Fri Jun 12 12:53:51.610304 2026] [php:warn] [pid 14404:tid 1896] [client ::1:61068] PHP Warning:  Undefined global variable $_SESSION in C:\\Users\\luissaavaz\\Desktop\\efdesarrolloweb\\Servidor\\htdocs\\viernes12\\home.php on line 8
[Fri Jun 12 12:53:51.610304 2026] [php:warn] [pid 14404:tid 1896] [client ::1:61068] PHP Warning:  Trying to access array offset on value of type null in C:\\Users\\luissaavaz\\Desktop\\efdesarrolloweb\\Servidor\\htdocs\\viernes12\\home.php on line 8
[Fri Jun 12 12:53:51.610304 2026] [php:warn] [pid 14404:tid 1896] [client ::1:61068] PHP Warning:  Trying to access array offset on value of type null in C:\\Users\\luissaavaz\\Desktop\\efdesarrolloweb\\Servidor\\htdocs\\viernes12\\home.php on line 8
[Fri Jun 12 12:53:51.611297 2026] [php:warn] [pid 14404:tid 1896] [client ::1:61068] PHP Warning:  Undefined global variable $_SESSION in C:\\Users\\luissaavaz\\Desktop\\efdesarrolloweb\\Servidor\\htdocs\\viernes12\\home.php on line 9
[Fri Jun 12 12:53:51.611297 2026] [php:warn] [pid 14404:tid 1896] [client ::1:61068] PHP Warning:  Trying to access array offset on value of type null in C:\\Users\\luissaavaz\\Desktop\\efdesarrolloweb\\Servidor\\htdocs\\viernes12\\home.php on line 9
[Fri Jun 12 12:53:51.611297 2026] [php:warn] [pid 14404:tid 1896] [client ::1:61068] PHP Warning:  Trying to access array offset on value of type null in C:\\Users\\luissaavaz\\Desktop\\efdesarrolloweb\\Servidor\\htdocs\\viernes12\\home.php on line 9
[Fri Jun 12 12:53:51.611297 2026] [php:warn] [pid 14404:tid 1896] [client ::1:61068] PHP Warning:  Undefined global variable $_SESSION in C:\\Users\\luissaavaz\\Desktop\\efdesarrolloweb\\Servidor\\htdocs\\viernes12\\home.php on line 10
[Fri Jun 12 12:53:51.611297 2026] [php:warn] [pid 14404:tid 1896] [client ::1:61068] PHP Warning:  Trying to access array offset on value of type null in C:\\Users\\luissaavaz\\Desktop\\efdesarrolloweb\\Servidor\\htdocs\\viernes12\\home.php on line 10
[Fri Jun 12 12:53:51.612300 2026] [php:warn] [pid 14404:tid 1896] [client ::1:61068] PHP Warning:  Trying to access array offset on value of type null in C:\\Users\\luissaavaz\\Desktop\\efdesarrolloweb\\Servidor\\htdocs\\viernes12\\home.php on line 10
[Fri Jun 12 12:53:51.613300 2026] [php:warn] [pid 14404:tid 1896] [client ::1:61068] PHP Warning:  Undefined global variable $_SESSION in C:\\Users\\luissaavaz\\Desktop\\efdesarrolloweb\\Servidor\\htdocs\\viernes12\\home.php on line 8
[Fri Jun 12 12:53:51.613300 2026] [php:warn] [pid 14404:tid 1896] [client ::1:61068] PHP Warning:  Trying to access array offset on value of type null in C:\\Users\\luissaavaz\\Desktop\\efdesarrolloweb\\Servidor\\htdocs\\viernes12\\home.php on line 8
[Fri Jun 12 12:53:51.613300 2026] [php:warn] [pid 14404:tid 1896] [client ::1:61068] PHP Warning:  Trying to access array offset on value of type null in C:\\Users\\luissaavaz\\Desktop\\efdesarrolloweb\\Servidor\\htdocs\\viernes12\\home.php on line 8
[Fri Jun 12 12:53:51.613300 2026] [php:warn] [pid 14404:tid 1896] [client ::1:61068] PHP Warning:  Undefined global variable $_SESSION in C:\\Users\\luissaavaz\\Desktop\\efdesarrolloweb\\Servidor\\htdocs\\viernes12\\home.php on line 9
[Fri Jun 12 12:53:51.613300 2026] [php:warn] [pid 14404:tid 1896] [client ::1:61068] PHP Warning:  Trying to access array offset on value of type null in C:\\Users\\luissaavaz\\Desktop\\efdesarrolloweb\\Servidor\\htdocs\\viernes12\\home.php on line 9
[Fri Jun 12 12:53:51.613300 2026] [php:warn] [pid 14404:tid 1896] [client ::1:61068] PHP Warning:  Trying to access array offset on value of type null in C:\\Users\\luissaavaz\\Desktop\\efdesarrolloweb\\Servidor\\htdocs\\viernes12\\home.php on line 9
[Fri Jun 12 12:53:51.613300 2026] [php:warn] [pid 14404:tid 1896] [client ::1:61068] PHP Warning:  Undefined global variable $_SESSION in C:\\Users\\luissaavaz\\Desktop\\efdesarrolloweb\\Servidor\\htdocs\\viernes12\\home.php on line 10
[Fri Jun 12 12:53:51.613300 2026] [php:warn] [pid 14404:tid 1896] [client ::1:61068] PHP Warning:  Trying to access array offset on value of type null in C:\\Users\\luissaavaz\\Desktop\\efdesarrolloweb\\Servidor\\htdocs\\viernes12\\home.php on line 10
[Fri Jun 12 12:53:51.613300 2026] [php:warn] [pid 14404:tid 1896] [client ::1:61068] PHP Warning:  Trying to access array offset on value of type null in C:\\Users\\luissaavaz\\Desktop\\efdesarrolloweb\\Servidor\\htdocs\\viernes12\\home.php on line 10
[Fri Jun 12 12:53:51.622903 2026] [php:warn] [pid 14404:tid 1896] [client ::1:61068] PHP Warning:  Undefined global variable $_SESSION in C:\\Users\\luissaavaz\\Desktop\\efdesarrolloweb\\Servidor\\htdocs\\viernes12\\home.php on line 8
[Fri Jun 12 12:53:51.622903 2026] [php:warn] [pid 14404:tid 1896] [client ::1:61068] PHP Warning:  Trying to access array offset on value of type null in C:\\Users\\luissaavaz\\Desktop\\efdesarrolloweb\\Servidor\\htdocs\\viernes12\\home.php on line 8
[Fri Jun 12 12:53:51.622903 2026] [php:warn] [pid 14404:tid 1896] [client ::1:61068] PHP Warning:  Trying to access array offset on value of type null in C:\\Users\\luissaavaz\\Desktop\\efdesarrolloweb\\Servidor\\htdocs\\viernes12\\home.php on line 8
[Fri Jun 12 12:53:51.624284 2026] [php:warn] [pid 14404:tid 1896] [client ::1:61068] PHP Warning:  Undefined global variable $_SESSION in C:\\Users\\luissaavaz\\Desktop\\efdesarrolloweb\\Servidor\\htdocs\\viernes12\\home.php on line 9
[Fri Jun 12 12:53:51.624284 2026] [php:warn] [pid 14404:tid 1896] [client ::1:61068] PHP Warning:  Trying to access array offset on value of type null in C:\\Users\\luissaavaz\\Desktop\\efdesarrolloweb\\Servidor\\htdocs\\viernes12\\home.php on line 9
[Fri Jun 12 12:53:51.624284 2026] [php:warn] [pid 14404:tid 1896] [client ::1:61068] PHP Warning:  Trying to access array offset on value of type null in C:\\Users\\luissaavaz\\Desktop\\efdesarrolloweb\\Servidor\\htdocs\\viernes12\\home.php on line 9
[Fri Jun 12 12:53:51.624284 2026] [php:warn] [pid 14404:tid 1896] [client ::1:61068] PHP Warning:  Undefined global variable $_SESSION in C:\\Users\\luissaavaz\\Desktop\\efdesarrolloweb\\Servidor\\htdocs\\viernes12\\home.php on line 10
[Fri Jun 12 12:53:51.624284 2026] [php:warn] [pid 14404:tid 1896] [client ::1:61068] PHP Warning:  Trying to access array offset on value of type null in C:\\Users\\luissaavaz\\Desktop\\efdesarrolloweb\\Servidor\\htdocs\\viernes12\\home.php on line 10
[Fri Jun 12 12:53:51.624284 2026] [php:warn] [pid 14404:tid 1896] [client ::1:61068] PHP Warning:  Trying to access array offset on value of type null in C:\\Users\\luissaavaz\\Desktop\\efdesarrolloweb\\Servidor\\htdocs\\viernes12\\home.php on line 10
[Fri Jun 12 12:53:51.648317 2026] [php:warn] [pid 14404:tid 1896] [client ::1:61068] PHP Warning:  Undefined global variable $_SESSION in C:\\Users\\luissaavaz\\Desktop\\efdesarrolloweb\\Servidor\\htdocs\\viernes12\\home.php on line 8
[Fri Jun 12 12:53:51.648317 2026] [php:warn] [pid 14404:tid 1896] [client ::1:61068] PHP Warning:  Trying to access array offset on value of type null in C:\\Users\\luissaavaz\\Desktop\\efdesarrolloweb\\Servidor\\htdocs\\viernes12\\home.php on line 8
[Fri Jun 12 12:53:51.648317 2026] [php:warn] [pid 14404:tid 1896] [client ::1:61068] PHP Warning:  Trying to access array offset on value of type null in C:\\Users\\luissaavaz\\Desktop\\efdesarrolloweb\\Servidor\\htdocs\\viernes12\\home.php on line 8
[Fri Jun 12 12:53:51.648317 2026] [php:warn] [pid 14404:tid 1896] [client ::1:61068] PHP Warning:  Undefined global variable $_SESSION in C:\\Users\\luissaavaz\\Desktop\\efdesarrolloweb\\Servidor\\htdocs\\viernes12\\home.php on line 9
[Fri Jun 12 12:53:51.648317 2026] [php:warn] [pid 14404:tid 1896] [client ::1:61068] PHP Warning:  Trying to access array offset on value of type null in C:\\Users\\luissaavaz\\Desktop\\efdesarrolloweb\\Servidor\\htdocs\\viernes12\\home.php on line 9
[Fri Jun 12 12:53:51.648317 2026] [php:warn] [pid 14404:tid 1896] [client ::1:61068] PHP Warning:  Trying to access array offset on value of type null in C:\\Users\\luissaavaz\\Desktop\\efdesarrolloweb\\Servidor\\htdocs\\viernes12\\home.php on line 9
[Fri Jun 12 12:53:51.649321 2026] [php:warn] [pid 14404:tid 1896] [client ::1:61068] PHP Warning:  Undefined global variable $_SESSION in C:\\Users\\luissaavaz\\Desktop\\efdesarrolloweb\\Servidor\\htdocs\\viernes12\\home.php on line 10
[Fri Jun 12 12:53:51.649321 2026] [php:warn] [pid 14404:tid 1896] [client ::1:61068] PHP Warning:  Trying to access array offset on value of type null in C:\\Users\\luissaavaz\\Desktop\\efdesarrolloweb\\Servidor\\htdocs\\viernes12\\home.php on line 10
[Fri Jun 12 12:53:51.649321 2026] [php:warn] [pid 14404:tid 1896] [client ::1:61068] PHP Warning:  Trying to access array offset on value of type null in C:\\Users\\luissaavaz\\Desktop\\efdesarrolloweb\\Servidor\\htdocs\\viernes12\\home.php on line 10
[Fri Jun 12 12:53:51.671984 2026] [php:warn] [pid 14404:tid 1896] [client ::1:61068] PHP Warning:  Undefined global variable $_SESSION in C:\\Users\\luissaavaz\\Desktop\\efdesarrolloweb\\Servidor\\htdocs\\viernes12\\home.php on line 8
[Fri Jun 12 12:53:51.671984 2026] [php:warn] [pid 14404:tid 1896] [client ::1:61068] PHP Warning:  Trying to access array offset on value of type null in C:\\Users\\luissaavaz\\Desktop\\efdesarrolloweb\\Servidor\\htdocs\\viernes12\\home.php on line 8
[Fri Jun 12 12:53:51.672953 2026] [php:warn] [pid 14404:tid 1896] [client ::1:61068] PHP Warning:  Trying to access array offset on value of type null in C:\\Users\\luissaavaz\\Desktop\\efdesarrolloweb\\Servidor\\htdocs\\viernes12\\home.php on line 8
[Fri Jun 12 12:53:51.672953 2026] [php:warn] [pid 14404:tid 1896] [client ::1:61068] PHP Warning:  Undefined global variable $_SESSION in C:\\Users\\luissaavaz\\Desktop\\efdesarrolloweb\\Servidor\\htdocs\\viernes12\\home.php on line 9
[Fri Jun 12 12:53:51.672953 2026] [php:warn] [pid 14404:tid 1896] [client ::1:61068] PHP Warning:  Trying to access array offset on value of type null in C:\\Users\\luissaavaz\\Desktop\\efdesarrolloweb\\Servidor\\htdocs\\viernes12\\home.php on line 9
[Fri Jun 12 12:53:51.673954 2026] [php:warn] [pid 14404:tid 1896] [client ::1:61068] PHP Warning:  Trying to access array offset on value of type null in C:\\Users\\luissaavaz\\Desktop\\efdesarrolloweb\\Servidor\\htdocs\\viernes12\\home.php on line 9
[Fri Jun 12 12:53:51.673954 2026] [php:warn] [pid 14404:tid 1896] [client ::1:61068] PHP Warning:  Undefined global variable $_SESSION in C:\\Users\\luissaavaz\\Desktop\\efdesarrolloweb\\Servidor\\htdocs\\viernes12\\home.php on line 10
[Fri Jun 12 12:53:51.673954 2026] [php:warn] [pid 14404:tid 1896] [client ::1:61068] PHP Warning:  Trying to access array offset on value of type null in C:\\Users\\luissaavaz\\Desktop\\efdesarrolloweb\\Servidor\\htdocs\\viernes12\\home.php on line 10
[Fri Jun 12 12:53:51.674947 2026] [php:warn] [pid 14404:tid 1896] [client ::1:61068] PHP Warning:  Trying to access array offset on value of type null in C:\\Users\\luissaavaz\\Desktop\\efdesarrolloweb\\Servidor\\htdocs\\viernes12\\home.php on line 10
[Fri Jun 12 12:53:51.689503 2026] [php:warn] [pid 14404:tid 1896] [client ::1:61068] PHP Warning:  Undefined global variable $_SESSION in C:\\Users\\luissaavaz\\Desktop\\efdesarrolloweb\\Servidor\\htdocs\\viernes12\\home.php on line 8
[Fri Jun 12 12:53:51.689503 2026] [php:warn] [pid 14404:tid 1896] [client ::1:61068] PHP Warning:  Trying to access array offset on value of type null in C:\\Users\\luissaavaz\\Desktop\\efdesarrolloweb\\Servidor\\htdocs\\viernes12\\home.php on line 8
[Fri Jun 12 12:53:51.689503 2026] [php:warn] [pid 14404:tid 1896] [client ::1:61068] PHP Warning:  Trying to access array offset on value of type null in C:\\Users\\luissaavaz\\Desktop\\efdesarrolloweb\\Servidor\\htdocs\\viernes12\\home.php on line 8
[Fri Jun 12 12:53:51.689503 2026] [php:warn] [pid 14404:tid 1896] [client ::1:61068] PHP Warning:  Undefined global variable $_SESSION in C:\\Users\\luissaavaz\\Desktop\\efdesarrolloweb\\Servidor\\htdocs\\viernes12\\home.php on line 9
[Fri Jun 12 12:53:51.689503 2026] [php:warn] [pid 14404:tid 1896] [client ::1:61068] PHP Warning:  Trying to access array offset on value of type null in C:\\Users\\luissaavaz\\Desktop\\efdesarrolloweb\\Servidor\\htdocs\\viernes12\\home.php on line 9
[Fri Jun 12 12:53:51.689503 2026] [php:warn] [pid 14404:tid 1896] [client ::1:61068] PHP Warning:  Trying to access array offset on value of type null in C:\\Users\\luissaavaz\\Desktop\\efdesarrolloweb\\Servidor\\htdocs\\viernes12\\home.php on line 9
[Fri Jun 12 12:53:51.689503 2026] [php:warn] [pid 14404:tid 1896] [client ::1:61068] PHP Warning:  Undefined global variable $_SESSION in C:\\Users\\luissaavaz\\Desktop\\efdesarrolloweb\\Servidor\\htdocs\\viernes12\\home.php on line 10
[Fri Jun 12 12:53:51.689503 2026] [php:warn] [pid 14404:tid 1896] [client ::1:61068] PHP Warning:  Trying to access array offset on value of type null in C:\\Users\\luissaavaz\\Desktop\\efdesarrolloweb\\Servidor\\htdocs\\viernes12\\home.php on line 10
[Fri Jun 12 12:53:51.689503 2026] [php:warn] [pid 14404:tid 1896] [client ::1:61068] PHP Warning:  Trying to access array offset on value of type null in C:\\Users\\luissaavaz\\Desktop\\efdesarrolloweb\\Servidor\\htdocs\\viernes12\\home.php on line 10
[Fri Jun 12 12:54:25.639053 2026] [php:warn] [pid 14404:tid 1896] [client ::1:54786] PHP Warning:  Undefined global variable $_SESSION in C:\\Users\\luissaavaz\\Desktop\\efdesarrolloweb\\Servidor\\htdocs\\viernes12\\home.php on line 8, referer: http://localhost/viernes12/index.html
[Fri Jun 12 12:54:25.639053 2026] [php:warn] [pid 14404:tid 1896] [client ::1:54786] PHP Warning:  Trying to access array offset on value of type null in C:\\Users\\luissaavaz\\Desktop\\efdesarrolloweb\\Servidor\\htdocs\\viernes12\\home.php on line 8, referer: http://localhost/viernes12/index.html
[Fri Jun 12 12:54:25.639053 2026] [php:warn] [pid 14404:tid 1896] [client ::1:54786] PHP Warning:  Trying to access array offset on value of type null in C:\\Users\\luissaavaz\\Desktop\\efdesarrolloweb\\Servidor\\htdocs\\viernes12\\home.php on line 8, referer: http://localhost/viernes12/index.html
[Fri Jun 12 12:54:25.639053 2026] [php:warn] [pid 14404:tid 1896] [client ::1:54786] PHP Warning:  Undefined global variable $_SESSION in C:\\Users\\luissaavaz\\Desktop\\efdesarrolloweb\\Servidor\\htdocs\\viernes12\\home.php on line 9, referer: http://localhost/viernes12/index.html
[Fri Jun 12 12:54:25.639053 2026] [php:warn] [pid 14404:tid 1896] [client ::1:54786] PHP Warning:  Trying to access array offset on value of type null in C:\\Users\\luissaavaz\\Desktop\\efdesarrolloweb\\Servidor\\htdocs\\viernes12\\home.php on line 9, referer: http://localhost/viernes12/index.html
[Fri Jun 12 12:54:25.639053 2026] [php:warn] [pid 14404:tid 1896] [client ::1:54786] PHP Warning:  Trying to access array offset on value of type null in C:\\Users\\luissaavaz\\Desktop\\efdesarrolloweb\\Servidor\\htdocs\\viernes12\\home.php on line 9, referer: http://localhost/viernes12/index.html
[Fri Jun 12 12:54:25.640063 2026] [php:warn] [pid 14404:tid 1896] [client ::1:54786] PHP Warning:  Undefined global variable $_SESSION in C:\\Users\\luissaavaz\\Desktop\\efdesarrolloweb\\Servidor\\htdocs\\viernes12\\home.php on line 10, referer: http://localhost/viernes12/index.html
[Fri Jun 12 12:54:25.640063 2026] [php:warn] [pid 14404:tid 1896] [client ::1:54786] PHP Warning:  Trying to access array offset on value of type null in C:\\Users\\luissaavaz\\Desktop\\efdesarrolloweb\\Servidor\\htdocs\\viernes12\\home.php on line 10, referer: http://localhost/viernes12/index.html
[Fri Jun 12 12:54:25.640063 2026] [php:warn] [pid 14404:tid 1896] [client ::1:54786] PHP Warning:  Trying to access array offset on value of type null in C:\\Users\\luissaavaz\\Desktop\\efdesarrolloweb\\Servidor\\htdocs\\viernes12\\home.php on line 10, referer: http://localhost/viernes12/index.html
[Fri Jun 12 12:54:25.655375 2026] [php:warn] [pid 14404:tid 1896] [client ::1:54786] PHP Warning:  Undefined global variable $_SESSION in C:\\Users\\luissaavaz\\Desktop\\efdesarrolloweb\\Servidor\\htdocs\\viernes12\\home.php on line 8, referer: http://localhost/viernes12/index.html
[Fri Jun 12 12:54:25.655375 2026] [php:warn] [pid 14404:tid 1896] [client ::1:54786] PHP Warning:  Trying to access array offset on value of type null in C:\\Users\\luissaavaz\\Desktop\\efdesarrolloweb\\Servidor\\htdocs\\viernes12\\home.php on line 8, referer: http://localhost/viernes12/index.html
[Fri Jun 12 12:54:25.655375 2026] [php:warn] [pid 14404:tid 1896] [client ::1:54786] PHP Warning:  Trying to access array offset on value of type null in C:\\Users\\luissaavaz\\Desktop\\efdesarrolloweb\\Servidor\\htdocs\\viernes12\\home.php on line 8, referer: http://localhost/viernes12/index.html
[Fri Jun 12 12:54:25.655375 2026] [php:warn] [pid 14404:tid 1896] [client ::1:54786] PHP Warning:  Undefined global variable $_SESSION in C:\\Users\\luissaavaz\\Desktop\\efdesarrolloweb\\Servidor\\htdocs\\viernes12\\home.php on line 9, referer: http://localhost/viernes12/index.html
[Fri Jun 12 12:54:25.655375 2026] [php:warn] [pid 14404:tid 1896] [client ::1:54786] PHP Warning:  Trying to access array offset on value of type null in C:\\Users\\luissaavaz\\Desktop\\efdesarrolloweb\\Servidor\\htdocs\\viernes12\\home.php on line 9, referer: http://localhost/viernes12/index.html
[Fri Jun 12 12:54:25.655375 2026] [php:warn] [pid 14404:tid 1896] [client ::1:54786] PHP Warning:  Trying to access array offset on value of type null in C:\\Users\\luissaavaz\\Desktop\\efdesarrolloweb\\Servidor\\htdocs\\viernes12\\home.php on line 9, referer: http://localhost/viernes12/index.html
[Fri Jun 12 12:54:25.655375 2026] [php:warn] [pid 14404:tid 1896] [client ::1:54786] PHP Warning:  Undefined global variable $_SESSION in C:\\Users\\luissaavaz\\Desktop\\efdesarrolloweb\\Servidor\\htdocs\\viernes12\\home.php on line 10, referer: http://localhost/viernes12/index.html
[Fri Jun 12 12:54:25.655375 2026] [php:warn] [pid 14404:tid 1896] [client ::1:54786] PHP Warning:  Trying to access array offset on value of type null in C:\\Users\\luissaavaz\\Desktop\\efdesarrolloweb\\Servidor\\htdocs\\viernes12\\home.php on line 10, referer: http://localhost/viernes12/index.html
[Fri Jun 12 12:54:25.655375 2026] [php:warn] [pid 14404:tid 1896] [client ::1:54786] PHP Warning:  Trying to access array offset on value of type null in C:\\Users\\luissaavaz\\Desktop\\efdesarrolloweb\\Servidor\\htdocs\\viernes12\\home.php on line 10, referer: http://localhost/viernes12/index.html
[Fri Jun 12 12:54:25.674567 2026] [php:warn] [pid 14404:tid 1896] [client ::1:54786] PHP Warning:  Undefined global variable $_SESSION in C:\\Users\\luissaavaz\\Desktop\\efdesarrolloweb\\Servidor\\htdocs\\viernes12\\home.php on line 8, referer: http://localhost/viernes12/index.html
[Fri Jun 12 12:54:25.674567 2026] [php:warn] [pid 14404:tid 1896] [client ::1:54786] PHP Warning:  Trying to access array offset on value of type null in C:\\Users\\luissaavaz\\Desktop\\efdesarrolloweb\\Servidor\\htdocs\\viernes12\\home.php on line 8, referer: http://localhost/viernes12/index.html
[Fri Jun 12 12:54:25.674567 2026] [php:warn] [pid 14404:tid 1896] [client ::1:54786] PHP Warning:  Trying to access array offset on value of type null in C:\\Users\\luissaavaz\\Desktop\\efdesarrolloweb\\Servidor\\htdocs\\viernes12\\home.php on line 8, referer: http://localhost/viernes12/index.html
[Fri Jun 12 12:54:25.674567 2026] [php:warn] [pid 14404:tid 1896] [client ::1:54786] PHP Warning:  Undefined global variable $_SESSION in C:\\Users\\luissaavaz\\Desktop\\efdesarrolloweb\\Servidor\\htdocs\\viernes12\\home.php on line 9, referer: http://localhost/viernes12/index.html
[Fri Jun 12 12:54:25.674567 2026] [php:warn] [pid 14404:tid 1896] [client ::1:54786] PHP Warning:  Trying to access array offset on value of type null in C:\\Users\\luissaavaz\\Desktop\\efdesarrolloweb\\Servidor\\htdocs\\viernes12\\home.php on line 9, referer: http://localhost/viernes12/index.html
[Fri Jun 12 12:54:25.674567 2026] [php:warn] [pid 14404:tid 1896] [client ::1:54786] PHP Warning:  Trying to access array offset on value of type null in C:\\Users\\luissaavaz\\Desktop\\efdesarrolloweb\\Servidor\\htdocs\\viernes12\\home.php on line 9, referer: http://localhost/viernes12/index.html
[Fri Jun 12 12:54:25.674567 2026] [php:warn] [pid 14404:tid 1896] [client ::1:54786] PHP Warning:  Undefined global variable $_SESSION in C:\\Users\\luissaavaz\\Desktop\\efdesarrolloweb\\Servidor\\htdocs\\viernes12\\home.php on line 10, referer: http://localhost/viernes12/index.html
[Fri Jun 12 12:54:25.675575 2026] [php:warn] [pid 14404:tid 1896] [client ::1:54786] PHP Warning:  Trying to access array offset on value of type null in C:\\Users\\luissaavaz\\Desktop\\efdesarrolloweb\\Servidor\\htdocs\\viernes12\\home.php on line 10, referer: http://localhost/viernes12/index.html
[Fri Jun 12 12:54:25.675575 2026] [php:warn] [pid 14404:tid 1896] [client ::1:54786] PHP Warning:  Trying to access array offset on value of type null in C:\\Users\\luissaavaz\\Desktop\\efdesarrolloweb\\Servidor\\htdocs\\viernes12\\home.php on line 10, referer: http://localhost/viernes12/index.html
[Fri Jun 12 12:54:25.719919 2026] [php:warn] [pid 14404:tid 1896] [client ::1:54786] PHP Warning:  Undefined global variable $_SESSION in C:\\Users\\luissaavaz\\Desktop\\efdesarrolloweb\\Servidor\\htdocs\\viernes12\\home.php on line 8, referer: http://localhost/viernes12/index.html
[Fri Jun 12 12:54:25.719919 2026] [php:warn] [pid 14404:tid 1896] [client ::1:54786] PHP Warning:  Trying to access array offset on value of type null in C:\\Users\\luissaavaz\\Desktop\\efdesarrolloweb\\Servidor\\htdocs\\viernes12\\home.php on line 8, referer: http://localhost/viernes12/index.html
[Fri Jun 12 12:54:25.719919 2026] [php:warn] [pid 14404:tid 1896] [client ::1:54786] PHP Warning:  Trying to access array offset on value of type null in C:\\Users\\luissaavaz\\Desktop\\efdesarrolloweb\\Servidor\\htdocs\\viernes12\\home.php on line 8, referer: http://localhost/viernes12/index.html
[Fri Jun 12 12:54:25.719919 2026] [php:warn] [pid 14404:tid 1896] [client ::1:54786] PHP Warning:  Undefined global variable $_SESSION in C:\\Users\\luissaavaz\\Desktop\\efdesarrolloweb\\Servidor\\htdocs\\viernes12\\home.php on line 9, referer: http://localhost/viernes12/index.html
[Fri Jun 12 12:54:25.721174 2026] [php:warn] [pid 14404:tid 1896] [client ::1:54786] PHP Warning:  Trying to access array offset on value of type null in C:\\Users\\luissaavaz\\Desktop\\efdesarrolloweb\\Servidor\\htdocs\\viernes12\\home.php on line 9, referer: http://localhost/viernes12/index.html
[Fri Jun 12 12:54:25.721174 2026] [php:warn] [pid 14404:tid 1896] [client ::1:54786] PHP Warning:  Trying to access array offset on value of type null in C:\\Users\\luissaavaz\\Desktop\\efdesarrolloweb\\Servidor\\htdocs\\viernes12\\home.php on line 9, referer: http://localhost/viernes12/index.html
[Fri Jun 12 12:54:25.721174 2026] [php:warn] [pid 14404:tid 1896] [client ::1:54786] PHP Warning:  Undefined global variable $_SESSION in C:\\Users\\luissaavaz\\Desktop\\efdesarrolloweb\\Servidor\\htdocs\\viernes12\\home.php on line 10, referer: http://localhost/viernes12/index.html
[Fri Jun 12 12:54:25.722163 2026] [php:warn] [pid 14404:tid 1896] [client ::1:54786] PHP Warning:  Trying to access array offset on value of type null in C:\\Users\\luissaavaz\\Desktop\\efdesarrolloweb\\Servidor\\htdocs\\viernes12\\home.php on line 10, referer: http://localhost/viernes12/index.html
[Fri Jun 12 12:54:25.722163 2026] [php:warn] [pid 14404:tid 1896] [client ::1:54786] PHP Warning:  Trying to access array offset on value of type null in C:\\Users\\luissaavaz\\Desktop\\efdesarrolloweb\\Servidor\\htdocs\\viernes12\\home.php on line 10, referer: http://localhost/viernes12/index.html
[Fri Jun 12 12:54:25.755450 2026] [php:warn] [pid 14404:tid 1896] [client ::1:54786] PHP Warning:  Undefined global variable $_SESSION in C:\\Users\\luissaavaz\\Desktop\\efdesarrolloweb\\Servidor\\htdocs\\viernes12\\home.php on line 8, referer: http://localhost/viernes12/index.html
[Fri Jun 12 12:54:25.755450 2026] [php:warn] [pid 14404:tid 1896] [client ::1:54786] PHP Warning:  Trying to access array offset on value of type null in C:\\Users\\luissaavaz\\Desktop\\efdesarrolloweb\\Servidor\\htdocs\\viernes12\\home.php on line 8, referer: http://localhost/viernes12/index.html
[Fri Jun 12 12:54:25.755450 2026] [php:warn] [pid 14404:tid 1896] [client ::1:54786] PHP Warning:  Trying to access array offset on value of type null in C:\\Users\\luissaavaz\\Desktop\\efdesarrolloweb\\Servidor\\htdocs\\viernes12\\home.php on line 8, referer: http://localhost/viernes12/index.html
[Fri Jun 12 12:54:25.755450 2026] [php:warn] [pid 14404:tid 1896] [client ::1:54786] PHP Warning:  Undefined global variable $_SESSION in C:\\Users\\luissaavaz\\Desktop\\efdesarrolloweb\\Servidor\\htdocs\\viernes12\\home.php on line 9, referer: http://localhost/viernes12/index.html
[Fri Jun 12 12:54:25.755450 2026] [php:warn] [pid 14404:tid 1896] [client ::1:54786] PHP Warning:  Trying to access array offset on value of type null in C:\\Users\\luissaavaz\\Desktop\\efdesarrolloweb\\Servidor\\htdocs\\viernes12\\home.php on line 9, referer: http://localhost/viernes12/index.html
[Fri Jun 12 12:54:25.755450 2026] [php:warn] [pid 14404:tid 1896] [client ::1:54786] PHP Warning:  Trying to access array offset on value of type null in C:\\Users\\luissaavaz\\Desktop\\efdesarrolloweb\\Servidor\\htdocs\\viernes12\\home.php on line 9, referer: http://localhost/viernes12/index.html
[Fri Jun 12 12:54:25.755450 2026] [php:warn] [pid 14404:tid 1896] [client ::1:54786] PHP Warning:  Undefined global variable $_SESSION in C:\\Users\\luissaavaz\\Desktop\\efdesarrolloweb\\Servidor\\htdocs\\viernes12\\home.php on line 10, referer: http://localhost/viernes12/index.html
[Fri Jun 12 12:54:25.755450 2026] [php:warn] [pid 14404:tid 1896] [client ::1:54786] PHP Warning:  Trying to access array offset on value of type null in C:\\Users\\luissaavaz\\Desktop\\efdesarrolloweb\\Servidor\\htdocs\\viernes12\\home.php on line 10, referer: http://localhost/viernes12/index.html
[Fri Jun 12 12:54:25.755450 2026] [php:warn] [pid 14404:tid 1896] [client ::1:54786] PHP Warning:  Trying to access array offset on value of type null in C:\\Users\\luissaavaz\\Desktop\\efdesarrolloweb\\Servidor\\htdocs\\viernes12\\home.php on line 10, referer: http://localhost/viernes12/index.html
[Fri Jun 12 12:54:25.770003 2026] [php:warn] [pid 14404:tid 1896] [client ::1:54786] PHP Warning:  Undefined global variable $_SESSION in C:\\Users\\luissaavaz\\Desktop\\efdesarrolloweb\\Servidor\\htdocs\\viernes12\\home.php on line 8, referer: http://localhost/viernes12/index.html
[Fri Jun 12 12:54:25.770003 2026] [php:warn] [pid 14404:tid 1896] [client ::1:54786] PHP Warning:  Trying to access array offset on value of type null in C:\\Users\\luissaavaz\\Desktop\\efdesarrolloweb\\Servidor\\htdocs\\viernes12\\home.php on line 8, referer: http://localhost/viernes12/index.html
[Fri Jun 12 12:54:25.770003 2026] [php:warn] [pid 14404:tid 1896] [client ::1:54786] PHP Warning:  Trying to access array offset on value of type null in C:\\Users\\luissaavaz\\Desktop\\efdesarrolloweb\\Servidor\\htdocs\\viernes12\\home.php on line 8, referer: http://localhost/viernes12/index.html
[Fri Jun 12 12:54:25.770003 2026] [php:warn] [pid 14404:tid 1896] [client ::1:54786] PHP Warning:  Undefined global variable $_SESSION in C:\\Users\\luissaavaz\\Desktop\\efdesarrolloweb\\Servidor\\htdocs\\viernes12\\home.php on line 9, referer: http://localhost/viernes12/index.html
[Fri Jun 12 12:54:25.770003 2026] [php:warn] [pid 14404:tid 1896] [client ::1:54786] PHP Warning:  Trying to access array offset on value of type null in C:\\Users\\luissaavaz\\Desktop\\efdesarrolloweb\\Servidor\\htdocs\\viernes12\\home.php on line 9, referer: http://localhost/viernes12/index.html
[Fri Jun 12 12:54:25.770003 2026] [php:warn] [pid 14404:tid 1896] [client ::1:54786] PHP Warning:  Trying to access array offset on value of type null in C:\\Users\\luissaavaz\\Desktop\\efdesarrolloweb\\Servidor\\htdocs\\viernes12\\home.php on line 9, referer: http://localhost/viernes12/index.html
[Fri Jun 12 12:54:25.770003 2026] [php:warn] [pid 14404:tid 1896] [client ::1:54786] PHP Warning:  Undefined global variable $_SESSION in C:\\Users\\luissaavaz\\Desktop\\efdesarrolloweb\\Servidor\\htdocs\\viernes12\\home.php on line 10, referer: http://localhost/viernes12/index.html
[Fri Jun 12 12:54:25.771220 2026] [php:warn] [pid 14404:tid 1896] [client ::1:54786] PHP Warning:  Trying to access array offset on value of type null in C:\\Users\\luissaavaz\\Desktop\\efdesarrolloweb\\Servidor\\htdocs\\viernes12\\home.php on line 10, referer: http://localhost/viernes12/index.html
[Fri Jun 12 12:54:25.771220 2026] [php:warn] [pid 14404:tid 1896] [client ::1:54786] PHP Warning:  Trying to access array offset on value of type null in C:\\Users\\luissaavaz\\Desktop\\efdesarrolloweb\\Servidor\\htdocs\\viernes12\\home.php on line 10, referer: http://localhost/viernes12/index.html
[Fri Jun 12 12:54:25.803380 2026] [php:warn] [pid 14404:tid 1896] [client ::1:54786] PHP Warning:  Undefined global variable $_SESSION in C:\\Users\\luissaavaz\\Desktop\\efdesarrolloweb\\Servidor\\htdocs\\viernes12\\home.php on line 8, referer: http://localhost/viernes12/index.html
[Fri Jun 12 12:54:25.803380 2026] [php:warn] [pid 14404:tid 1896] [client ::1:54786] PHP Warning:  Trying to access array offset on value of type null in C:\\Users\\luissaavaz\\Desktop\\efdesarrolloweb\\Servidor\\htdocs\\viernes12\\home.php on line 8, referer: http://localhost/viernes12/index.html
[Fri Jun 12 12:54:25.803380 2026] [php:warn] [pid 14404:tid 1896] [client ::1:54786] PHP Warning:  Trying to access array offset on value of type null in C:\\Users\\luissaavaz\\Desktop\\efdesarrolloweb\\Servidor\\htdocs\\viernes12\\home.php on line 8, referer: http://localhost/viernes12/index.html
[Fri Jun 12 12:54:25.804611 2026] [php:warn] [pid 14404:tid 1896] [client ::1:54786] PHP Warning:  Undefined global variable $_SESSION in C:\\Users\\luissaavaz\\Desktop\\efdesarrolloweb\\Servidor\\htdocs\\viernes12\\home.php on line 9, referer: http://localhost/viernes12/index.html
[Fri Jun 12 12:54:25.804611 2026] [php:warn] [pid 14404:tid 1896] [client ::1:54786] PHP Warning:  Trying to access array offset on value of type null in C:\\Users\\luissaavaz\\Desktop\\efdesarrolloweb\\Servidor\\htdocs\\viernes12\\home.php on line 9, referer: http://localhost/viernes12/index.html
[Fri Jun 12 12:54:25.804611 2026] [php:warn] [pid 14404:tid 1896] [client ::1:54786] PHP Warning:  Trying to access array offset on value of type null in C:\\Users\\luissaavaz\\Desktop\\efdesarrolloweb\\Servidor\\htdocs\\viernes12\\home.php on line 9, referer: http://localhost/viernes12/index.html
[Fri Jun 12 12:54:25.804611 2026] [php:warn] [pid 14404:tid 1896] [client ::1:54786] PHP Warning:  Undefined global variable $_SESSION in C:\\Users\\luissaavaz\\Desktop\\efdesarrolloweb\\Servidor\\htdocs\\viernes12\\home.php on line 10, referer: http://localhost/viernes12/index.html
[Fri Jun 12 12:54:25.805616 2026] [php:warn] [pid 14404:tid 1896] [client ::1:54786] PHP Warning:  Trying to access array offset on value of type null in C:\\Users\\luissaavaz\\Desktop\\efdesarrolloweb\\Servidor\\htdocs\\viernes12\\home.php on line 10, referer: http://localhost/viernes12/index.html
[Fri Jun 12 12:54:25.805616 2026] [php:warn] [pid 14404:tid 1896] [client ::1:54786] PHP Warning:  Trying to access array offset on value of type null in C:\\Users\\luissaavaz\\Desktop\\efdesarrolloweb\\Servidor\\htdocs\\viernes12\\home.php on line 10, referer: http://localhost/viernes12/index.html
[Fri Jun 12 12:54:25.837495 2026] [php:warn] [pid 14404:tid 1896] [client ::1:54786] PHP Warning:  Undefined global variable $_SESSION in C:\\Users\\luissaavaz\\Desktop\\efdesarrolloweb\\Servidor\\htdocs\\viernes12\\home.php on line 8, referer: http://localhost/viernes12/index.html
[Fri Jun 12 12:54:25.838503 2026] [php:warn] [pid 14404:tid 1896] [client ::1:54786] PHP Warning:  Trying to access array offset on value of type null in C:\\Users\\luissaavaz\\Desktop\\efdesarrolloweb\\Servidor\\htdocs\\viernes12\\home.php on line 8, referer: http://localhost/viernes12/index.html
[Fri Jun 12 12:54:25.838503 2026] [php:warn] [pid 14404:tid 1896] [client ::1:54786] PHP Warning:  Trying to access array offset on value of type null in C:\\Users\\luissaavaz\\Desktop\\efdesarrolloweb\\Servidor\\htdocs\\viernes12\\home.php on line 8, referer: http://localhost/viernes12/index.html
[Fri Jun 12 12:54:25.838503 2026] [php:warn] [pid 14404:tid 1896] [client ::1:54786] PHP Warning:  Undefined global variable $_SESSION in C:\\Users\\luissaavaz\\Desktop\\efdesarrolloweb\\Servidor\\htdocs\\viernes12\\home.php on line 9, referer: http://localhost/viernes12/index.html
[Fri Jun 12 12:54:25.838503 2026] [php:warn] [pid 14404:tid 1896] [client ::1:54786] PHP Warning:  Trying to access array offset on value of type null in C:\\Users\\luissaavaz\\Desktop\\efdesarrolloweb\\Servidor\\htdocs\\viernes12\\home.php on line 9, referer: http://localhost/viernes12/index.html
[Fri Jun 12 12:54:25.839500 2026] [php:warn] [pid 14404:tid 1896] [client ::1:54786] PHP Warning:  Trying to access array offset on value of type null in C:\\Users\\luissaavaz\\Desktop\\efdesarrolloweb\\Servidor\\htdocs\\viernes12\\home.php on line 9, referer: http://localhost/viernes12/index.html
[Fri Jun 12 12:54:25.839500 2026] [php:warn] [pid 14404:tid 1896] [client ::1:54786] PHP Warning:  Undefined global variable $_SESSION in C:\\Users\\luissaavaz\\Desktop\\efdesarrolloweb\\Servidor\\htdocs\\viernes12\\home.php on line 10, referer: http://localhost/viernes12/index.html
[Fri Jun 12 12:54:25.840017 2026] [php:warn] [pid 14404:tid 1896] [client ::1:54786] PHP Warning:  Trying to access array offset on value of type null in C:\\Users\\luissaavaz\\Desktop\\efdesarrolloweb\\Servidor\\htdocs\\viernes12\\home.php on line 10, referer: http://localhost/viernes12/index.html
[Fri Jun 12 12:54:25.840017 2026] [php:warn] [pid 14404:tid 1896] [client ::1:54786] PHP Warning:  Trying to access array offset on value of type null in C:\\Users\\luissaavaz\\Desktop\\efdesarrolloweb\\Servidor\\htdocs\\viernes12\\home.php on line 10, referer: http://localhost/viernes12/index.html
[Fri Jun 12 12:54:25.853226 2026] [php:warn] [pid 14404:tid 1896] [client ::1:54786] PHP Warning:  Undefined global variable $_SESSION in C:\\Users\\luissaavaz\\Desktop\\efdesarrolloweb\\Servidor\\htdocs\\viernes12\\home.php on line 8, referer: http://localhost/viernes12/index.html
[Fri Jun 12 12:54:25.853226 2026] [php:warn] [pid 14404:tid 1896] [client ::1:54786] PHP Warning:  Trying to access array offset on value of type null in C:\\Users\\luissaavaz\\Desktop\\efdesarrolloweb\\Servidor\\htdocs\\viernes12\\home.php on line 8, referer: http://localhost/viernes12/index.html
[Fri Jun 12 12:54:25.853226 2026] [php:warn] [pid 14404:tid 1896] [client ::1:54786] PHP Warning:  Trying to access array offset on value of type null in C:\\Users\\luissaavaz\\Desktop\\efdesarrolloweb\\Servidor\\htdocs\\viernes12\\home.php on line 8, referer: http://localhost/viernes12/index.html
[Fri Jun 12 12:54:25.853226 2026] [php:warn] [pid 14404:tid 1896] [client ::1:54786] PHP Warning:  Undefined global variable $_SESSION in C:\\Users\\luissaavaz\\Desktop\\efdesarrolloweb\\Servidor\\htdocs\\viernes12\\home.php on line 9, referer: http://localhost/viernes12/index.html
[Fri Jun 12 12:54:25.853226 2026] [php:warn] [pid 14404:tid 1896] [client ::1:54786] PHP Warning:  Trying to access array offset on value of type null in C:\\Users\\luissaavaz\\Desktop\\efdesarrolloweb\\Servidor\\htdocs\\viernes12\\home.php on line 9, referer: http://localhost/viernes12/index.html
[Fri Jun 12 12:54:25.853226 2026] [php:warn] [pid 14404:tid 1896] [client ::1:54786] PHP Warning:  Trying to access array offset on value of type null in C:\\Users\\luissaavaz\\Desktop\\efdesarrolloweb\\Servidor\\htdocs\\viernes12\\home.php on line 9, referer: http://localhost/viernes12/index.html
[Fri Jun 12 12:54:25.853226 2026] [php:warn] [pid 14404:tid 1896] [client ::1:54786] PHP Warning:  Undefined global variable $_SESSION in C:\\Users\\luissaavaz\\Desktop\\efdesarrolloweb\\Servidor\\htdocs\\viernes12\\home.php on line 10, referer: http://localhost/viernes12/index.html
[Fri Jun 12 12:54:25.853226 2026] [php:warn] [pid 14404:tid 1896] [client ::1:54786] PHP Warning:  Trying to access array offset on value of type null in C:\\Users\\luissaavaz\\Desktop\\efdesarrolloweb\\Servidor\\htdocs\\viernes12\\home.php on line 10, referer: http://localhost/viernes12/index.html
[Fri Jun 12 12:54:25.853226 2026] [php:warn] [pid 14404:tid 1896] [client ::1:54786] PHP Warning:  Trying to access array offset on value of type null in C:\\Users\\luissaavaz\\Desktop\\efdesarrolloweb\\Servidor\\htdocs\\viernes12\\home.php on line 10, referer: http://localhost/viernes12/index.html
[Fri Jun 12 12:54:25.885623 2026] [php:warn] [pid 14404:tid 1896] [client ::1:54786] PHP Warning:  Undefined global variable $_SESSION in C:\\Users\\luissaavaz\\Desktop\\efdesarrolloweb\\Servidor\\htdocs\\viernes12\\home.php on line 8, referer: http://localhost/viernes12/index.html
[Fri Jun 12 12:54:25.886642 2026] [php:warn] [pid 14404:tid 1896] [client ::1:54786] PHP Warning:  Trying to access array offset on value of type null in C:\\Users\\luissaavaz\\Desktop\\efdesarrolloweb\\Servidor\\htdocs\\viernes12\\home.php on line 8, referer: http://localhost/viernes12/index.html
[Fri Jun 12 12:54:25.886642 2026] [php:warn] [pid 14404:tid 1896] [client ::1:54786] PHP Warning:  Trying to access array offset on value of type null in C:\\Users\\luissaavaz\\Desktop\\efdesarrolloweb\\Servidor\\htdocs\\viernes12\\home.php on line 8, referer: http://localhost/viernes12/index.html
[Fri Jun 12 12:54:25.886642 2026] [php:warn] [pid 14404:tid 1896] [client ::1:54786] PHP Warning:  Undefined global variable $_SESSION in C:\\Users\\luissaavaz\\Desktop\\efdesarrolloweb\\Servidor\\htdocs\\viernes12\\home.php on line 9, referer: http://localhost/viernes12/index.html
[Fri Jun 12 12:54:25.886642 2026] [php:warn] [pid 14404:tid 1896] [client ::1:54786] PHP Warning:  Trying to access array offset on value of type null in C:\\Users\\luissaavaz\\Desktop\\efdesarrolloweb\\Servidor\\htdocs\\viernes12\\home.php on line 9, referer: http://localhost/viernes12/index.html
[Fri Jun 12 12:54:25.887726 2026] [php:warn] [pid 14404:tid 1896] [client ::1:54786] PHP Warning:  Trying to access array offset on value of type null in C:\\Users\\luissaavaz\\Desktop\\efdesarrolloweb\\Servidor\\htdocs\\viernes12\\home.php on line 9, referer: http://localhost/viernes12/index.html
[Fri Jun 12 12:54:25.887726 2026] [php:warn] [pid 14404:tid 1896] [client ::1:54786] PHP Warning:  Undefined global variable $_SESSION in C:\\Users\\luissaavaz\\Desktop\\efdesarrolloweb\\Servidor\\htdocs\\viernes12\\home.php on line 10, referer: http://localhost/viernes12/index.html
[Fri Jun 12 12:54:25.887726 2026] [php:warn] [pid 14404:tid 1896] [client ::1:54786] PHP Warning:  Trying to access array offset on value of type null in C:\\Users\\luissaavaz\\Desktop\\efdesarrolloweb\\Servidor\\htdocs\\viernes12\\home.php on line 10, referer: http://localhost/viernes12/index.html
[Fri Jun 12 12:54:25.887726 2026] [php:warn] [pid 14404:tid 1896] [client ::1:54786] PHP Warning:  Trying to access array offset on value of type null in C:\\Users\\luissaavaz\\Desktop\\efdesarrolloweb\\Servidor\\htdocs\\viernes12\\home.php on line 10, referer: http://localhost/viernes12/index.html
[Fri Jun 12 12:55:41.169602 2026] [php:warn] [pid 14404:tid 1908] [client ::1:55736] PHP Warning:  Undefined global variable $_SESSION in C:\\Users\\luissaavaz\\Desktop\\efdesarrolloweb\\Servidor\\htdocs\\viernes12\\home.php on line 8, referer: http://localhost/viernes12/login.php
[Fri Jun 12 12:55:41.169602 2026] [php:warn] [pid 14404:tid 1908] [client ::1:55736] PHP Warning:  Trying to access array offset on value of type null in C:\\Users\\luissaavaz\\Desktop\\efdesarrolloweb\\Servidor\\htdocs\\viernes12\\home.php on line 8, referer: http://localhost/viernes12/login.php
[Fri Jun 12 12:55:41.170600 2026] [php:warn] [pid 14404:tid 1908] [client ::1:55736] PHP Warning:  Trying to access array offset on value of type null in C:\\Users\\luissaavaz\\Desktop\\efdesarrolloweb\\Servidor\\htdocs\\viernes12\\home.php on line 8, referer: http://localhost/viernes12/login.php
[Fri Jun 12 12:55:41.170600 2026] [php:warn] [pid 14404:tid 1908] [client ::1:55736] PHP Warning:  Undefined global variable $_SESSION in C:\\Users\\luissaavaz\\Desktop\\efdesarrolloweb\\Servidor\\htdocs\\viernes12\\home.php on line 9, referer: http://localhost/viernes12/login.php
[Fri Jun 12 12:55:41.170600 2026] [php:warn] [pid 14404:tid 1908] [client ::1:55736] PHP Warning:  Trying to access array offset on value of type null in C:\\Users\\luissaavaz\\Desktop\\efdesarrolloweb\\Servidor\\htdocs\\viernes12\\home.php on line 9, referer: http://localhost/viernes12/login.php
[Fri Jun 12 12:55:41.170600 2026] [php:warn] [pid 14404:tid 1908] [client ::1:55736] PHP Warning:  Trying to access array offset on value of type null in C:\\Users\\luissaavaz\\Desktop\\efdesarrolloweb\\Servidor\\htdocs\\viernes12\\home.php on line 9, referer: http://localhost/viernes12/login.php
[Fri Jun 12 12:55:41.170600 2026] [php:warn] [pid 14404:tid 1908] [client ::1:55736] PHP Warning:  Undefined global variable $_SESSION in C:\\Users\\luissaavaz\\Desktop\\efdesarrolloweb\\Servidor\\htdocs\\viernes12\\home.php on line 10, referer: http://localhost/viernes12/login.php
[Fri Jun 12 12:55:41.170600 2026] [php:warn] [pid 14404:tid 1908] [client ::1:55736] PHP Warning:  Trying to access array offset on value of type null in C:\\Users\\luissaavaz\\Desktop\\efdesarrolloweb\\Servidor\\htdocs\\viernes12\\home.php on line 10, referer: http://localhost/viernes12/login.php
[Fri Jun 12 12:55:41.170600 2026] [php:warn] [pid 14404:tid 1908] [client ::1:55736] PHP Warning:  Trying to access array offset on value of type null in C:\\Users\\luissaavaz\\Desktop\\efdesarrolloweb\\Servidor\\htdocs\\viernes12\\home.php on line 10, referer: http://localhost/viernes12/login.php
[Fri Jun 12 12:55:41.203104 2026] [php:warn] [pid 14404:tid 1908] [client ::1:55736] PHP Warning:  Undefined global variable $_SESSION in C:\\Users\\luissaavaz\\Desktop\\efdesarrolloweb\\Servidor\\htdocs\\viernes12\\home.php on line 8, referer: http://localhost/viernes12/login.php
[Fri Jun 12 12:55:41.204226 2026] [php:warn] [pid 14404:tid 1908] [client ::1:55736] PHP Warning:  Trying to access array offset on value of type null in C:\\Users\\luissaavaz\\Desktop\\efdesarrolloweb\\Servidor\\htdocs\\viernes12\\home.php on line 8, referer: http://localhost/viernes12/login.php
[Fri Jun 12 12:55:41.204226 2026] [php:warn] [pid 14404:tid 1908] [client ::1:55736] PHP Warning:  Trying to access array offset on value of type null in C:\\Users\\luissaavaz\\Desktop\\efdesarrolloweb\\Servidor\\htdocs\\viernes12\\home.php on line 8, referer: http://localhost/viernes12/login.php
[Fri Jun 12 12:55:41.204226 2026] [php:warn] [pid 14404:tid 1908] [client ::1:55736] PHP Warning:  Undefined global variable $_SESSION in C:\\Users\\luissaavaz\\Desktop\\efdesarrolloweb\\Servidor\\htdocs\\viernes12\\home.php on line 9, referer: http://localhost/viernes12/login.php
[Fri Jun 12 12:55:41.205217 2026] [php:warn] [pid 14404:tid 1908] [client ::1:55736] PHP Warning:  Trying to access array offset on value of type null in C:\\Users\\luissaavaz\\Desktop\\efdesarrolloweb\\Servidor\\htdocs\\viernes12\\home.php on line 9, referer: http://localhost/viernes12/login.php
[Fri Jun 12 12:55:41.205217 2026] [php:warn] [pid 14404:tid 1908] [client ::1:55736] PHP Warning:  Trying to access array offset on value of type null in C:\\Users\\luissaavaz\\Desktop\\efdesarrolloweb\\Servidor\\htdocs\\viernes12\\home.php on line 9, referer: http://localhost/viernes12/login.php
[Fri Jun 12 12:55:41.205217 2026] [php:warn] [pid 14404:tid 1908] [client ::1:55736] PHP Warning:  Undefined global variable $_SESSION in C:\\Users\\luissaavaz\\Desktop\\efdesarrolloweb\\Servidor\\htdocs\\viernes12\\home.php on line 10, referer: http://localhost/viernes12/login.php
[Fri Jun 12 12:55:41.205217 2026] [php:warn] [pid 14404:tid 1908] [client ::1:55736] PHP Warning:  Trying to access array offset on value of type null in C:\\Users\\luissaavaz\\Desktop\\efdesarrolloweb\\Servidor\\htdocs\\viernes12\\home.php on line 10, referer: http://localhost/viernes12/login.php
[Fri Jun 12 12:55:41.205217 2026] [php:warn] [pid 14404:tid 1908] [client ::1:55736] PHP Warning:  Trying to access array offset on value of type null in C:\\Users\\luissaavaz\\Desktop\\efdesarrolloweb\\Servidor\\htdocs\\viernes12\\home.php on line 10, referer: http://localhost/viernes12/login.php
[Fri Jun 12 12:55:41.221143 2026] [php:warn] [pid 14404:tid 1908] [client ::1:55736] PHP Warning:  Undefined global variable $_SESSION in C:\\Users\\luissaavaz\\Desktop\\efdesarrolloweb\\Servidor\\htdocs\\viernes12\\home.php on line 8, referer: http://localhost/viernes12/login.php
[Fri Jun 12 12:55:41.221143 2026] [php:warn] [pid 14404:tid 1908] [client ::1:55736] PHP Warning:  Trying to access array offset on value of type null in C:\\Users\\luissaavaz\\Desktop\\efdesarrolloweb\\Servidor\\htdocs\\viernes12\\home.php on line 8, referer: http://localhost/viernes12/login.php
[Fri Jun 12 12:55:41.221143 2026] [php:warn] [pid 14404:tid 1908] [client ::1:55736] PHP Warning:  Trying to access array offset on value of type null in C:\\Users\\luissaavaz\\Desktop\\efdesarrolloweb\\Servidor\\htdocs\\viernes12\\home.php on line 8, referer: http://localhost/viernes12/login.php
[Fri Jun 12 12:55:41.221143 2026] [php:warn] [pid 14404:tid 1908] [client ::1:55736] PHP Warning:  Undefined global variable $_SESSION in C:\\Users\\luissaavaz\\Desktop\\efdesarrolloweb\\Servidor\\htdocs\\viernes12\\home.php on line 9, referer: http://localhost/viernes12/login.php
[Fri Jun 12 12:55:41.221143 2026] [php:warn] [pid 14404:tid 1908] [client ::1:55736] PHP Warning:  Trying to access array offset on value of type null in C:\\Users\\luissaavaz\\Desktop\\efdesarrolloweb\\Servidor\\htdocs\\viernes12\\home.php on line 9, referer: http://localhost/viernes12/login.php
[Fri Jun 12 12:55:41.221143 2026] [php:warn] [pid 14404:tid 1908] [client ::1:55736] PHP Warning:  Trying to access array offset on value of type null in C:\\Users\\luissaavaz\\Desktop\\efdesarrolloweb\\Servidor\\htdocs\\viernes12\\home.php on line 9, referer: http://localhost/viernes12/login.php
[Fri Jun 12 12:55:41.221143 2026] [php:warn] [pid 14404:tid 1908] [client ::1:55736] PHP Warning:  Undefined global variable $_SESSION in C:\\Users\\luissaavaz\\Desktop\\efdesarrolloweb\\Servidor\\htdocs\\viernes12\\home.php on line 10, referer: http://localhost/viernes12/login.php
[Fri Jun 12 12:55:41.221143 2026] [php:warn] [pid 14404:tid 1908] [client ::1:55736] PHP Warning:  Trying to access array offset on value of type null in C:\\Users\\luissaavaz\\Desktop\\efdesarrolloweb\\Servidor\\htdocs\\viernes12\\home.php on line 10, referer: http://localhost/viernes12/login.php
[Fri Jun 12 12:55:41.221143 2026] [php:warn] [pid 14404:tid 1908] [client ::1:55736] PHP Warning:  Trying to access array offset on value of type null in C:\\Users\\luissaavaz\\Desktop\\efdesarrolloweb\\Servidor\\htdocs\\viernes12\\home.php on line 10, referer: http://localhost/viernes12/login.php
[Fri Jun 12 12:55:41.221143 2026] [php:warn] [pid 14404:tid 1908] [client ::1:55736] PHP Warning:  Undefined global variable $_SESSION in C:\\Users\\luissaavaz\\Desktop\\efdesarrolloweb\\Servidor\\htdocs\\viernes12\\home.php on line 8, referer: http://localhost/viernes12/login.php
[Fri Jun 12 12:55:41.221143 2026] [php:warn] [pid 14404:tid 1908] [client ::1:55736] PHP Warning:  Trying to access array offset on value of type null in C:\\Users\\luissaavaz\\Desktop\\efdesarrolloweb\\Servidor\\htdocs\\viernes12\\home.php on line 8, referer: http://localhost/viernes12/login.php
[Fri Jun 12 12:55:41.221143 2026] [php:warn] [pid 14404:tid 1908] [client ::1:55736] PHP Warning:  Trying to access array offset on value of type null in C:\\Users\\luissaavaz\\Desktop\\efdesarrolloweb\\Servidor\\htdocs\\viernes12\\home.php on line 8, referer: http://localhost/viernes12/login.php
[Fri Jun 12 12:55:41.221143 2026] [php:warn] [pid 14404:tid 1908] [client ::1:55736] PHP Warning:  Undefined global variable $_SESSION in C:\\Users\\luissaavaz\\Desktop\\efdesarrolloweb\\Servidor\\htdocs\\viernes12\\home.php on line 9, referer: http://localhost/viernes12/login.php
[Fri Jun 12 12:55:41.221143 2026] [php:warn] [pid 14404:tid 1908] [client ::1:55736] PHP Warning:  Trying to access array offset on value of type null in C:\\Users\\luissaavaz\\Desktop\\efdesarrolloweb\\Servidor\\htdocs\\viernes12\\home.php on line 9, referer: http://localhost/viernes12/login.php
[Fri Jun 12 12:55:41.221143 2026] [php:warn] [pid 14404:tid 1908] [client ::1:55736] PHP Warning:  Trying to access array offset on value of type null in C:\\Users\\luissaavaz\\Desktop\\efdesarrolloweb\\Servidor\\htdocs\\viernes12\\home.php on line 9, referer: http://localhost/viernes12/login.php
[Fri Jun 12 12:55:41.221143 2026] [php:warn] [pid 14404:tid 1908] [client ::1:55736] PHP Warning:  Undefined global variable $_SESSION in C:\\Users\\luissaavaz\\Desktop\\efdesarrolloweb\\Servidor\\htdocs\\viernes12\\home.php on line 10, referer: http://localhost/viernes12/login.php
[Fri Jun 12 12:55:41.221143 2026] [php:warn] [pid 14404:tid 1908] [client ::1:55736] PHP Warning:  Trying to access array offset on value of type null in C:\\Users\\luissaavaz\\Desktop\\efdesarrolloweb\\Servidor\\htdocs\\viernes12\\home.php on line 10, referer: http://localhost/viernes12/login.php
[Fri Jun 12 12:55:41.221143 2026] [php:warn] [pid 14404:tid 1908] [client ::1:55736] PHP Warning:  Trying to access array offset on value of type null in C:\\Users\\luissaavaz\\Desktop\\efdesarrolloweb\\Servidor\\htdocs\\viernes12\\home.php on line 10, referer: http://localhost/viernes12/login.php
[Fri Jun 12 12:55:41.236309 2026] [php:warn] [pid 14404:tid 1908] [client ::1:55736] PHP Warning:  Undefined global variable $_SESSION in C:\\Users\\luissaavaz\\Desktop\\efdesarrolloweb\\Servidor\\htdocs\\viernes12\\home.php on line 8, referer: http://localhost/viernes12/login.php
[Fri Jun 12 12:55:41.236309 2026] [php:warn] [pid 14404:tid 1908] [client ::1:55736] PHP Warning:  Trying to access array offset on value of type null in C:\\Users\\luissaavaz\\Desktop\\efdesarrolloweb\\Servidor\\htdocs\\viernes12\\home.php on line 8, referer: http://localhost/viernes12/login.php
[Fri Jun 12 12:55:41.236309 2026] [php:warn] [pid 14404:tid 1908] [client ::1:55736] PHP Warning:  Trying to access array offset on value of type null in C:\\Users\\luissaavaz\\Desktop\\efdesarrolloweb\\Servidor\\htdocs\\viernes12\\home.php on line 8, referer: http://localhost/viernes12/login.php
[Fri Jun 12 12:55:41.237405 2026] [php:warn] [pid 14404:tid 1908] [client ::1:55736] PHP Warning:  Undefined global variable $_SESSION in C:\\Users\\luissaavaz\\Desktop\\efdesarrolloweb\\Servidor\\htdocs\\viernes12\\home.php on line 9, referer: http://localhost/viernes12/login.php
[Fri Jun 12 12:55:41.237405 2026] [php:warn] [pid 14404:tid 1908] [client ::1:55736] PHP Warning:  Trying to access array offset on value of type null in C:\\Users\\luissaavaz\\Desktop\\efdesarrolloweb\\Servidor\\htdocs\\viernes12\\home.php on line 9, referer: http://localhost/viernes12/login.php
[Fri Jun 12 12:55:41.237405 2026] [php:warn] [pid 14404:tid 1908] [client ::1:55736] PHP Warning:  Trying to access array offset on value of type null in C:\\Users\\luissaavaz\\Desktop\\efdesarrolloweb\\Servidor\\htdocs\\viernes12\\home.php on line 9, referer: http://localhost/viernes12/login.php
[Fri Jun 12 12:55:41.237405 2026] [php:warn] [pid 14404:tid 1908] [client ::1:55736] PHP Warning:  Undefined global variable $_SESSION in C:\\Users\\luissaavaz\\Desktop\\efdesarrolloweb\\Servidor\\htdocs\\viernes12\\home.php on line 10, referer: http://localhost/viernes12/login.php
[Fri Jun 12 12:55:41.237405 2026] [php:warn] [pid 14404:tid 1908] [client ::1:55736] PHP Warning:  Trying to access array offset on value of type null in C:\\Users\\luissaavaz\\Desktop\\efdesarrolloweb\\Servidor\\htdocs\\viernes12\\home.php on line 10, referer: http://localhost/viernes12/login.php
[Fri Jun 12 12:55:41.237405 2026] [php:warn] [pid 14404:tid 1908] [client ::1:55736] PHP Warning:  Trying to access array offset on value of type null in C:\\Users\\luissaavaz\\Desktop\\efdesarrolloweb\\Servidor\\htdocs\\viernes12\\home.php on line 10, referer: http://localhost/viernes12/login.php
[Fri Jun 12 12:55:41.255377 2026] [php:warn] [pid 14404:tid 1908] [client ::1:55736] PHP Warning:  Undefined global variable $_SESSION in C:\\Users\\luissaavaz\\Desktop\\efdesarrolloweb\\Servidor\\htdocs\\viernes12\\home.php on line 8, referer: http://localhost/viernes12/login.php
[Fri Jun 12 12:55:41.255377 2026] [php:warn] [pid 14404:tid 1908] [client ::1:55736] PHP Warning:  Trying to access array offset on value of type null in C:\\Users\\luissaavaz\\Desktop\\efdesarrolloweb\\Servidor\\htdocs\\viernes12\\home.php on line 8, referer: http://localhost/viernes12/login.php
[Fri Jun 12 12:55:41.255377 2026] [php:warn] [pid 14404:tid 1908] [client ::1:55736] PHP Warning:  Trying to access array offset on value of type null in C:\\Users\\luissaavaz\\Desktop\\efdesarrolloweb\\Servidor\\htdocs\\viernes12\\home.php on line 8, referer: http://localhost/viernes12/login.php
[Fri Jun 12 12:55:41.255377 2026] [php:warn] [pid 14404:tid 1908] [client ::1:55736] PHP Warning:  Undefined global variable $_SESSION in C:\\Users\\luissaavaz\\Desktop\\efdesarrolloweb\\Servidor\\htdocs\\viernes12\\home.php on line 9, referer: http://localhost/viernes12/login.php
[Fri Jun 12 12:55:41.255377 2026] [php:warn] [pid 14404:tid 1908] [client ::1:55736] PHP Warning:  Trying to access array offset on value of type null in C:\\Users\\luissaavaz\\Desktop\\efdesarrolloweb\\Servidor\\htdocs\\viernes12\\home.php on line 9, referer: http://localhost/viernes12/login.php
[Fri Jun 12 12:55:41.255377 2026] [php:warn] [pid 14404:tid 1908] [client ::1:55736] PHP Warning:  Trying to access array offset on value of type null in C:\\Users\\luissaavaz\\Desktop\\efdesarrolloweb\\Servidor\\htdocs\\viernes12\\home.php on line 9, referer: http://localhost/viernes12/login.php
[Fri Jun 12 12:55:41.255377 2026] [php:warn] [pid 14404:tid 1908] [client ::1:55736] PHP Warning:  Undefined global variable $_SESSION in C:\\Users\\luissaavaz\\Desktop\\efdesarrolloweb\\Servidor\\htdocs\\viernes12\\home.php on line 10, referer: http://localhost/viernes12/login.php
[Fri Jun 12 12:55:41.255377 2026] [php:warn] [pid 14404:tid 1908] [client ::1:55736] PHP Warning:  Trying to access array offset on value of type null in C:\\Users\\luissaavaz\\Desktop\\efdesarrolloweb\\Servidor\\htdocs\\viernes12\\home.php on line 10, referer: http://localhost/viernes12/login.php
[Fri Jun 12 12:55:41.255377 2026] [php:warn] [pid 14404:tid 1908] [client ::1:55736] PHP Warning:  Trying to access array offset on value of type null in C:\\Users\\luissaavaz\\Desktop\\efdesarrolloweb\\Servidor\\htdocs\\viernes12\\home.php on line 10, referer: http://localhost/viernes12/login.php
[Fri Jun 12 12:55:41.255377 2026] [php:warn] [pid 14404:tid 1908] [client ::1:55736] PHP Warning:  Undefined global variable $_SESSION in C:\\Users\\luissaavaz\\Desktop\\efdesarrolloweb\\Servidor\\htdocs\\viernes12\\home.php on line 8, referer: http://localhost/viernes12/login.php
[Fri Jun 12 12:55:41.255377 2026] [php:warn] [pid 14404:tid 1908] [client ::1:55736] PHP Warning:  Trying to access array offset on value of type null in C:\\Users\\luissaavaz\\Desktop\\efdesarrolloweb\\Servidor\\htdocs\\viernes12\\home.php on line 8, referer: http://localhost/viernes12/login.php
[Fri Jun 12 12:55:41.255377 2026] [php:warn] [pid 14404:tid 1908] [client ::1:55736] PHP Warning:  Trying to access array offset on value of type null in C:\\Users\\luissaavaz\\Desktop\\efdesarrolloweb\\Servidor\\htdocs\\viernes12\\home.php on line 8, referer: http://localhost/viernes12/login.php
[Fri Jun 12 12:55:41.255377 2026] [php:warn] [pid 14404:tid 1908] [client ::1:55736] PHP Warning:  Undefined global variable $_SESSION in C:\\Users\\luissaavaz\\Desktop\\efdesarrolloweb\\Servidor\\htdocs\\viernes12\\home.php on line 9, referer: http://localhost/viernes12/login.php
[Fri Jun 12 12:55:41.255377 2026] [php:warn] [pid 14404:tid 1908] [client ::1:55736] PHP Warning:  Trying to access array offset on value of type null in C:\\Users\\luissaavaz\\Desktop\\efdesarrolloweb\\Servidor\\htdocs\\viernes12\\home.php on line 9, referer: http://localhost/viernes12/login.php
[Fri Jun 12 12:55:41.255377 2026] [php:warn] [pid 14404:tid 1908] [client ::1:55736] PHP Warning:  Trying to access array offset on value of type null in C:\\Users\\luissaavaz\\Desktop\\efdesarrolloweb\\Servidor\\htdocs\\viernes12\\home.php on line 9, referer: http://localhost/viernes12/login.php
[Fri Jun 12 12:55:41.255377 2026] [php:warn] [pid 14404:tid 1908] [client ::1:55736] PHP Warning:  Undefined global variable $_SESSION in C:\\Users\\luissaavaz\\Desktop\\efdesarrolloweb\\Servidor\\htdocs\\viernes12\\home.php on line 10, referer: http://localhost/viernes12/login.php
[Fri Jun 12 12:55:41.255377 2026] [php:warn] [pid 14404:tid 1908] [client ::1:55736] PHP Warning:  Trying to access array offset on value of type null in C:\\Users\\luissaavaz\\Desktop\\efdesarrolloweb\\Servidor\\htdocs\\viernes12\\home.php on line 10, referer: http://localhost/viernes12/login.php
[Fri Jun 12 12:55:41.255377 2026] [php:warn] [pid 14404:tid 1908] [client ::1:55736] PHP Warning:  Trying to access array offset on value of type null in C:\\Users\\luissaavaz\\Desktop\\efdesarrolloweb\\Servidor\\htdocs\\viernes12\\home.php on line 10, referer: http://localhost/viernes12/login.php
[Fri Jun 12 12:55:41.255377 2026] [php:warn] [pid 14404:tid 1908] [client ::1:55736] PHP Warning:  Undefined global variable $_SESSION in C:\\Users\\luissaavaz\\Desktop\\efdesarrolloweb\\Servidor\\htdocs\\viernes12\\home.php on line 8, referer: http://localhost/viernes12/login.php
[Fri Jun 12 12:55:41.255377 2026] [php:warn] [pid 14404:tid 1908] [client ::1:55736] PHP Warning:  Trying to access array offset on value of type null in C:\\Users\\luissaavaz\\Desktop\\efdesarrolloweb\\Servidor\\htdocs\\viernes12\\home.php on line 8, referer: http://localhost/viernes12/login.php
[Fri Jun 12 12:55:41.255377 2026] [php:warn] [pid 14404:tid 1908] [client ::1:55736] PHP Warning:  Trying to access array offset on value of type null in C:\\Users\\luissaavaz\\Desktop\\efdesarrolloweb\\Servidor\\htdocs\\viernes12\\home.php on line 8, referer: http://localhost/viernes12/login.php
[Fri Jun 12 12:55:41.255377 2026] [php:warn] [pid 14404:tid 1908] [client ::1:55736] PHP Warning:  Undefined global variable $_SESSION in C:\\Users\\luissaavaz\\Desktop\\efdesarrolloweb\\Servidor\\htdocs\\viernes12\\home.php on line 9, referer: http://localhost/viernes12/login.php
[Fri Jun 12 12:55:41.255377 2026] [php:warn] [pid 14404:tid 1908] [client ::1:55736] PHP Warning:  Trying to access array offset on value of type null in C:\\Users\\luissaavaz\\Desktop\\efdesarrolloweb\\Servidor\\htdocs\\viernes12\\home.php on line 9, referer: http://localhost/viernes12/login.php
[Fri Jun 12 12:55:41.255377 2026] [php:warn] [pid 14404:tid 1908] [client ::1:55736] PHP Warning:  Trying to access array offset on value of type null in C:\\Users\\luissaavaz\\Desktop\\efdesarrolloweb\\Servidor\\htdocs\\viernes12\\home.php on line 9, referer: http://localhost/viernes12/login.php
[Fri Jun 12 12:55:41.255377 2026] [php:warn] [pid 14404:tid 1908] [client ::1:55736] PHP Warning:  Undefined global variable $_SESSION in C:\\Users\\luissaavaz\\Desktop\\efdesarrolloweb\\Servidor\\htdocs\\viernes12\\home.php on line 10, referer: http://localhost/viernes12/login.php
[Fri Jun 12 12:55:41.255377 2026] [php:warn] [pid 14404:tid 1908] [client ::1:55736] PHP Warning:  Trying to access array offset on value of type null in C:\\Users\\luissaavaz\\Desktop\\efdesarrolloweb\\Servidor\\htdocs\\viernes12\\home.php on line 10, referer: http://localhost/viernes12/login.php
[Fri Jun 12 12:55:41.255377 2026] [php:warn] [pid 14404:tid 1908] [client ::1:55736] PHP Warning:  Trying to access array offset on value of type null in C:\\Users\\luissaavaz\\Desktop\\efdesarrolloweb\\Servidor\\htdocs\\viernes12\\home.php on line 10, referer: http://localhost/viernes12/login.php
[Fri Jun 12 12:55:41.270590 2026] [php:warn] [pid 14404:tid 1908] [client ::1:55736] PHP Warning:  Undefined global variable $_SESSION in C:\\Users\\luissaavaz\\Desktop\\efdesarrolloweb\\Servidor\\htdocs\\viernes12\\home.php on line 8, referer: http://localhost/viernes12/login.php
[Fri Jun 12 12:55:41.270590 2026] [php:warn] [pid 14404:tid 1908] [client ::1:55736] PHP Warning:  Trying to access array offset on value of type null in C:\\Users\\luissaavaz\\Desktop\\efdesarrolloweb\\Servidor\\htdocs\\viernes12\\home.php on line 8, referer: http://localhost/viernes12/login.php
[Fri Jun 12 12:55:41.270590 2026] [php:warn] [pid 14404:tid 1908] [client ::1:55736] PHP Warning:  Trying to access array offset on value of type null in C:\\Users\\luissaavaz\\Desktop\\efdesarrolloweb\\Servidor\\htdocs\\viernes12\\home.php on line 8, referer: http://localhost/viernes12/login.php
[Fri Jun 12 12:55:41.270590 2026] [php:warn] [pid 14404:tid 1908] [client ::1:55736] PHP Warning:  Undefined global variable $_SESSION in C:\\Users\\luissaavaz\\Desktop\\efdesarrolloweb\\Servidor\\htdocs\\viernes12\\home.php on line 9, referer: http://localhost/viernes12/login.php
[Fri Jun 12 12:55:41.270590 2026] [php:warn] [pid 14404:tid 1908] [client ::1:55736] PHP Warning:  Trying to access array offset on value of type null in C:\\Users\\luissaavaz\\Desktop\\efdesarrolloweb\\Servidor\\htdocs\\viernes12\\home.php on line 9, referer: http://localhost/viernes12/login.php
[Fri Jun 12 12:55:41.270590 2026] [php:warn] [pid 14404:tid 1908] [client ::1:55736] PHP Warning:  Trying to access array offset on value of type null in C:\\Users\\luissaavaz\\Desktop\\efdesarrolloweb\\Servidor\\htdocs\\viernes12\\home.php on line 9, referer: http://localhost/viernes12/login.php
[Fri Jun 12 12:55:41.270590 2026] [php:warn] [pid 14404:tid 1908] [client ::1:55736] PHP Warning:  Undefined global variable $_SESSION in C:\\Users\\luissaavaz\\Desktop\\efdesarrolloweb\\Servidor\\htdocs\\viernes12\\home.php on line 10, referer: http://localhost/viernes12/login.php
[Fri Jun 12 12:55:41.270590 2026] [php:warn] [pid 14404:tid 1908] [client ::1:55736] PHP Warning:  Trying to access array offset on value of type null in C:\\Users\\luissaavaz\\Desktop\\efdesarrolloweb\\Servidor\\htdocs\\viernes12\\home.php on line 10, referer: http://localhost/viernes12/login.php
[Fri Jun 12 12:55:41.270590 2026] [php:warn] [pid 14404:tid 1908] [client ::1:55736] PHP Warning:  Trying to access array offset on value of type null in C:\\Users\\luissaavaz\\Desktop\\efdesarrolloweb\\Servidor\\htdocs\\viernes12\\home.php on line 10, referer: http://localhost/viernes12/login.php
[Fri Jun 12 12:55:41.286068 2026] [php:warn] [pid 14404:tid 1908] [client ::1:55736] PHP Warning:  Undefined global variable $_SESSION in C:\\Users\\luissaavaz\\Desktop\\efdesarrolloweb\\Servidor\\htdocs\\viernes12\\home.php on line 8, referer: http://localhost/viernes12/login.php
[Fri Jun 12 12:55:41.287331 2026] [php:warn] [pid 14404:tid 1908] [client ::1:55736] PHP Warning:  Trying to access array offset on value of type null in C:\\Users\\luissaavaz\\Desktop\\efdesarrolloweb\\Servidor\\htdocs\\viernes12\\home.php on line 8, referer: http://localhost/viernes12/login.php
[Fri Jun 12 12:55:41.287331 2026] [php:warn] [pid 14404:tid 1908] [client ::1:55736] PHP Warning:  Trying to access array offset on value of type null in C:\\Users\\luissaavaz\\Desktop\\efdesarrolloweb\\Servidor\\htdocs\\viernes12\\home.php on line 8, referer: http://localhost/viernes12/login.php
[Fri Jun 12 12:55:41.287331 2026] [php:warn] [pid 14404:tid 1908] [client ::1:55736] PHP Warning:  Undefined global variable $_SESSION in C:\\Users\\luissaavaz\\Desktop\\efdesarrolloweb\\Servidor\\htdocs\\viernes12\\home.php on line 9, referer: http://localhost/viernes12/login.php
[Fri Jun 12 12:55:41.287331 2026] [php:warn] [pid 14404:tid 1908] [client ::1:55736] PHP Warning:  Trying to access array offset on value of type null in C:\\Users\\luissaavaz\\Desktop\\efdesarrolloweb\\Servidor\\htdocs\\viernes12\\home.php on line 9, referer: http://localhost/viernes12/login.php
[Fri Jun 12 12:55:41.287331 2026] [php:warn] [pid 14404:tid 1908] [client ::1:55736] PHP Warning:  Trying to access array offset on value of type null in C:\\Users\\luissaavaz\\Desktop\\efdesarrolloweb\\Servidor\\htdocs\\viernes12\\home.php on line 9, referer: http://localhost/viernes12/login.php
[Fri Jun 12 12:55:41.287331 2026] [php:warn] [pid 14404:tid 1908] [client ::1:55736] PHP Warning:  Undefined global variable $_SESSION in C:\\Users\\luissaavaz\\Desktop\\efdesarrolloweb\\Servidor\\htdocs\\viernes12\\home.php on line 10, referer: http://localhost/viernes12/login.php
[Fri Jun 12 12:55:41.287331 2026] [php:warn] [pid 14404:tid 1908] [client ::1:55736] PHP Warning:  Trying to access array offset on value of type null in C:\\Users\\luissaavaz\\Desktop\\efdesarrolloweb\\Servidor\\htdocs\\viernes12\\home.php on line 10, referer: http://localhost/viernes12/login.php
[Fri Jun 12 12:55:41.287331 2026] [php:warn] [pid 14404:tid 1908] [client ::1:55736] PHP Warning:  Trying to access array offset on value of type null in C:\\Users\\luissaavaz\\Desktop\\efdesarrolloweb\\Servidor\\htdocs\\viernes12\\home.php on line 10, referer: http://localhost/viernes12/login.php
[Fri Jun 12 12:55:42.370019 2026] [php:warn] [pid 14404:tid 1908] [client ::1:55736] PHP Warning:  Undefined global variable $_SESSION in C:\\Users\\luissaavaz\\Desktop\\efdesarrolloweb\\Servidor\\htdocs\\viernes12\\home.php on line 8, referer: http://localhost/viernes12/login.php
[Fri Jun 12 12:55:42.370019 2026] [php:warn] [pid 14404:tid 1908] [client ::1:55736] PHP Warning:  Trying to access array offset on value of type null in C:\\Users\\luissaavaz\\Desktop\\efdesarrolloweb\\Servidor\\htdocs\\viernes12\\home.php on line 8, referer: http://localhost/viernes12/login.php
[Fri Jun 12 12:55:42.370019 2026] [php:warn] [pid 14404:tid 1908] [client ::1:55736] PHP Warning:  Trying to access array offset on value of type null in C:\\Users\\luissaavaz\\Desktop\\efdesarrolloweb\\Servidor\\htdocs\\viernes12\\home.php on line 8, referer: http://localhost/viernes12/login.php
[Fri Jun 12 12:55:42.370019 2026] [php:warn] [pid 14404:tid 1908] [client ::1:55736] PHP Warning:  Undefined global variable $_SESSION in C:\\Users\\luissaavaz\\Desktop\\efdesarrolloweb\\Servidor\\htdocs\\viernes12\\home.php on line 9, referer: http://localhost/viernes12/login.php
[Fri Jun 12 12:55:42.370019 2026] [php:warn] [pid 14404:tid 1908] [client ::1:55736] PHP Warning:  Trying to access array offset on value of type null in C:\\Users\\luissaavaz\\Desktop\\efdesarrolloweb\\Servidor\\htdocs\\viernes12\\home.php on line 9, referer: http://localhost/viernes12/login.php
[Fri Jun 12 12:55:42.370019 2026] [php:warn] [pid 14404:tid 1908] [client ::1:55736] PHP Warning:  Trying to access array offset on value of type null in C:\\Users\\luissaavaz\\Desktop\\efdesarrolloweb\\Servidor\\htdocs\\viernes12\\home.php on line 9, referer: http://localhost/viernes12/login.php
[Fri Jun 12 12:55:42.370019 2026] [php:warn] [pid 14404:tid 1908] [client ::1:55736] PHP Warning:  Undefined global variable $_SESSION in C:\\Users\\luissaavaz\\Desktop\\efdesarrolloweb\\Servidor\\htdocs\\viernes12\\home.php on line 10, referer: http://localhost/viernes12/login.php
[Fri Jun 12 12:55:42.370019 2026] [php:warn] [pid 14404:tid 1908] [client ::1:55736] PHP Warning:  Trying to access array offset on value of type null in C:\\Users\\luissaavaz\\Desktop\\efdesarrolloweb\\Servidor\\htdocs\\viernes12\\home.php on line 10, referer: http://localhost/viernes12/login.php
[Fri Jun 12 12:55:42.370019 2026] [php:warn] [pid 14404:tid 1908] [client ::1:55736] PHP Warning:  Trying to access array offset on value of type null in C:\\Users\\luissaavaz\\Desktop\\efdesarrolloweb\\Servidor\\htdocs\\viernes12\\home.php on line 10, referer: http://localhost/viernes12/login.php
[Fri Jun 12 12:55:42.402832 2026] [php:warn] [pid 14404:tid 1908] [client ::1:55736] PHP Warning:  Undefined global variable $_SESSION in C:\\Users\\luissaavaz\\Desktop\\efdesarrolloweb\\Servidor\\htdocs\\viernes12\\home.php on line 8, referer: http://localhost/viernes12/login.php
[Fri Jun 12 12:55:42.402832 2026] [php:warn] [pid 14404:tid 1908] [client ::1:55736] PHP Warning:  Trying to access array offset on value of type null in C:\\Users\\luissaavaz\\Desktop\\efdesarrolloweb\\Servidor\\htdocs\\viernes12\\home.php on line 8, referer: http://localhost/viernes12/login.php
[Fri Jun 12 12:55:42.404135 2026] [php:warn] [pid 14404:tid 1908] [client ::1:55736] PHP Warning:  Trying to access array offset on value of type null in C:\\Users\\luissaavaz\\Desktop\\efdesarrolloweb\\Servidor\\htdocs\\viernes12\\home.php on line 8, referer: http://localhost/viernes12/login.php
[Fri Jun 12 12:55:42.404135 2026] [php:warn] [pid 14404:tid 1908] [client ::1:55736] PHP Warning:  Undefined global variable $_SESSION in C:\\Users\\luissaavaz\\Desktop\\efdesarrolloweb\\Servidor\\htdocs\\viernes12\\home.php on line 9, referer: http://localhost/viernes12/login.php
[Fri Jun 12 12:55:42.404135 2026] [php:warn] [pid 14404:tid 1908] [client ::1:55736] PHP Warning:  Trying to access array offset on value of type null in C:\\Users\\luissaavaz\\Desktop\\efdesarrolloweb\\Servidor\\htdocs\\viernes12\\home.php on line 9, referer: http://localhost/viernes12/login.php
[Fri Jun 12 12:55:42.404135 2026] [php:warn] [pid 14404:tid 1908] [client ::1:55736] PHP Warning:  Trying to access array offset on value of type null in C:\\Users\\luissaavaz\\Desktop\\efdesarrolloweb\\Servidor\\htdocs\\viernes12\\home.php on line 9, referer: http://localhost/viernes12/login.php
[Fri Jun 12 12:55:42.404135 2026] [php:warn] [pid 14404:tid 1908] [client ::1:55736] PHP Warning:  Undefined global variable $_SESSION in C:\\Users\\luissaavaz\\Desktop\\efdesarrolloweb\\Servidor\\htdocs\\viernes12\\home.php on line 10, referer: http://localhost/viernes12/login.php
[Fri Jun 12 12:55:42.404135 2026] [php:warn] [pid 14404:tid 1908] [client ::1:55736] PHP Warning:  Trying to access array offset on value of type null in C:\\Users\\luissaavaz\\Desktop\\efdesarrolloweb\\Servidor\\htdocs\\viernes12\\home.php on line 10, referer: http://localhost/viernes12/login.php
[Fri Jun 12 12:55:42.404135 2026] [php:warn] [pid 14404:tid 1908] [client ::1:55736] PHP Warning:  Trying to access array offset on value of type null in C:\\Users\\luissaavaz\\Desktop\\efdesarrolloweb\\Servidor\\htdocs\\viernes12\\home.php on line 10, referer: http://localhost/viernes12/login.php
[Fri Jun 12 12:55:42.436808 2026] [php:warn] [pid 14404:tid 1908] [client ::1:55736] PHP Warning:  Undefined global variable $_SESSION in C:\\Users\\luissaavaz\\Desktop\\efdesarrolloweb\\Servidor\\htdocs\\viernes12\\home.php on line 8, referer: http://localhost/viernes12/login.php
[Fri Jun 12 12:55:42.436808 2026] [php:warn] [pid 14404:tid 1908] [client ::1:55736] PHP Warning:  Trying to access array offset on value of type null in C:\\Users\\luissaavaz\\Desktop\\efdesarrolloweb\\Servidor\\htdocs\\viernes12\\home.php on line 8, referer: http://localhost/viernes12/login.php
[Fri Jun 12 12:55:42.436808 2026] [php:warn] [pid 14404:tid 1908] [client ::1:55736] PHP Warning:  Trying to access array offset on value of type null in C:\\Users\\luissaavaz\\Desktop\\efdesarrolloweb\\Servidor\\htdocs\\viernes12\\home.php on line 8, referer: http://localhost/viernes12/login.php
[Fri Jun 12 12:55:42.436808 2026] [php:warn] [pid 14404:tid 1908] [client ::1:55736] PHP Warning:  Undefined global variable $_SESSION in C:\\Users\\luissaavaz\\Desktop\\efdesarrolloweb\\Servidor\\htdocs\\viernes12\\home.php on line 9, referer: http://localhost/viernes12/login.php
[Fri Jun 12 12:55:42.436808 2026] [php:warn] [pid 14404:tid 1908] [client ::1:55736] PHP Warning:  Trying to access array offset on value of type null in C:\\Users\\luissaavaz\\Desktop\\efdesarrolloweb\\Servidor\\htdocs\\viernes12\\home.php on line 9, referer: http://localhost/viernes12/login.php
[Fri Jun 12 12:55:42.436808 2026] [php:warn] [pid 14404:tid 1908] [client ::1:55736] PHP Warning:  Trying to access array offset on value of type null in C:\\Users\\luissaavaz\\Desktop\\efdesarrolloweb\\Servidor\\htdocs\\viernes12\\home.php on line 9, referer: http://localhost/viernes12/login.php
[Fri Jun 12 12:55:42.436808 2026] [php:warn] [pid 14404:tid 1908] [client ::1:55736] PHP Warning:  Undefined global variable $_SESSION in C:\\Users\\luissaavaz\\Desktop\\efdesarrolloweb\\Servidor\\htdocs\\viernes12\\home.php on line 10, referer: http://localhost/viernes12/login.php
[Fri Jun 12 12:55:42.436808 2026] [php:warn] [pid 14404:tid 1908] [client ::1:55736] PHP Warning:  Trying to access array offset on value of type null in C:\\Users\\luissaavaz\\Desktop\\efdesarrolloweb\\Servidor\\htdocs\\viernes12\\home.php on line 10, referer: http://localhost/viernes12/login.php
[Fri Jun 12 12:55:42.436808 2026] [php:warn] [pid 14404:tid 1908] [client ::1:55736] PHP Warning:  Trying to access array offset on value of type null in C:\\Users\\luissaavaz\\Desktop\\efdesarrolloweb\\Servidor\\htdocs\\viernes12\\home.php on line 10, referer: http://localhost/viernes12/login.php
[Fri Jun 12 12:55:42.469810 2026] [php:warn] [pid 14404:tid 1908] [client ::1:55736] PHP Warning:  Undefined global variable $_SESSION in C:\\Users\\luissaavaz\\Desktop\\efdesarrolloweb\\Servidor\\htdocs\\viernes12\\home.php on line 8, referer: http://localhost/viernes12/login.php
[Fri Jun 12 12:55:42.469810 2026] [php:warn] [pid 14404:tid 1908] [client ::1:55736] PHP Warning:  Trying to access array offset on value of type null in C:\\Users\\luissaavaz\\Desktop\\efdesarrolloweb\\Servidor\\htdocs\\viernes12\\home.php on line 8, referer: http://localhost/viernes12/login.php
[Fri Jun 12 12:55:42.469810 2026] [php:warn] [pid 14404:tid 1908] [client ::1:55736] PHP Warning:  Trying to access array offset on value of type null in C:\\Users\\luissaavaz\\Desktop\\efdesarrolloweb\\Servidor\\htdocs\\viernes12\\home.php on line 8, referer: http://localhost/viernes12/login.php
[Fri Jun 12 12:55:42.469810 2026] [php:warn] [pid 14404:tid 1908] [client ::1:55736] PHP Warning:  Undefined global variable $_SESSION in C:\\Users\\luissaavaz\\Desktop\\efdesarrolloweb\\Servidor\\htdocs\\viernes12\\home.php on line 9, referer: http://localhost/viernes12/login.php
[Fri Jun 12 12:55:42.469810 2026] [php:warn] [pid 14404:tid 1908] [client ::1:55736] PHP Warning:  Trying to access array offset on value of type null in C:\\Users\\luissaavaz\\Desktop\\efdesarrolloweb\\Servidor\\htdocs\\viernes12\\home.php on line 9, referer: http://localhost/viernes12/login.php
[Fri Jun 12 12:55:42.469810 2026] [php:warn] [pid 14404:tid 1908] [client ::1:55736] PHP Warning:  Trying to access array offset on value of type null in C:\\Users\\luissaavaz\\Desktop\\efdesarrolloweb\\Servidor\\htdocs\\viernes12\\home.php on line 9, referer: http://localhost/viernes12/login.php
[Fri Jun 12 12:55:42.469810 2026] [php:warn] [pid 14404:tid 1908] [client ::1:55736] PHP Warning:  Undefined global variable $_SESSION in C:\\Users\\luissaavaz\\Desktop\\efdesarrolloweb\\Servidor\\htdocs\\viernes12\\home.php on line 10, referer: http://localhost/viernes12/login.php
[Fri Jun 12 12:55:42.469810 2026] [php:warn] [pid 14404:tid 1908] [client ::1:55736] PHP Warning:  Trying to access array offset on value of type null in C:\\Users\\luissaavaz\\Desktop\\efdesarrolloweb\\Servidor\\htdocs\\viernes12\\home.php on line 10, referer: http://localhost/viernes12/login.php
[Fri Jun 12 12:55:42.469810 2026] [php:warn] [pid 14404:tid 1908] [client ::1:55736] PHP Warning:  Trying to access array offset on value of type null in C:\\Users\\luissaavaz\\Desktop\\efdesarrolloweb\\Servidor\\htdocs\\viernes12\\home.php on line 10, referer: http://localhost/viernes12/login.php
[Fri Jun 12 12:55:42.502684 2026] [php:warn] [pid 14404:tid 1908] [client ::1:55736] PHP Warning:  Undefined global variable $_SESSION in C:\\Users\\luissaavaz\\Desktop\\efdesarrolloweb\\Servidor\\htdocs\\viernes12\\home.php on line 8, referer: http://localhost/viernes12/login.php
[Fri Jun 12 12:55:42.502684 2026] [php:warn] [pid 14404:tid 1908] [client ::1:55736] PHP Warning:  Trying to access array offset on value of type null in C:\\Users\\luissaavaz\\Desktop\\efdesarrolloweb\\Servidor\\htdocs\\viernes12\\home.php on line 8, referer: http://localhost/viernes12/login.php
[Fri Jun 12 12:55:42.502684 2026] [php:warn] [pid 14404:tid 1908] [client ::1:55736] PHP Warning:  Trying to access array offset on value of type null in C:\\Users\\luissaavaz\\Desktop\\efdesarrolloweb\\Servidor\\htdocs\\viernes12\\home.php on line 8, referer: http://localhost/viernes12/login.php
[Fri Jun 12 12:55:42.502684 2026] [php:warn] [pid 14404:tid 1908] [client ::1:55736] PHP Warning:  Undefined global variable $_SESSION in C:\\Users\\luissaavaz\\Desktop\\efdesarrolloweb\\Servidor\\htdocs\\viernes12\\home.php on line 9, referer: http://localhost/viernes12/login.php
[Fri Jun 12 12:55:42.502684 2026] [php:warn] [pid 14404:tid 1908] [client ::1:55736] PHP Warning:  Trying to access array offset on value of type null in C:\\Users\\luissaavaz\\Desktop\\efdesarrolloweb\\Servidor\\htdocs\\viernes12\\home.php on line 9, referer: http://localhost/viernes12/login.php
[Fri Jun 12 12:55:42.502684 2026] [php:warn] [pid 14404:tid 1908] [client ::1:55736] PHP Warning:  Trying to access array offset on value of type null in C:\\Users\\luissaavaz\\Desktop\\efdesarrolloweb\\Servidor\\htdocs\\viernes12\\home.php on line 9, referer: http://localhost/viernes12/login.php
[Fri Jun 12 12:55:42.502684 2026] [php:warn] [pid 14404:tid 1908] [client ::1:55736] PHP Warning:  Undefined global variable $_SESSION in C:\\Users\\luissaavaz\\Desktop\\efdesarrolloweb\\Servidor\\htdocs\\viernes12\\home.php on line 10, referer: http://localhost/viernes12/login.php
[Fri Jun 12 12:55:42.502684 2026] [php:warn] [pid 14404:tid 1908] [client ::1:55736] PHP Warning:  Trying to access array offset on value of type null in C:\\Users\\luissaavaz\\Desktop\\efdesarrolloweb\\Servidor\\htdocs\\viernes12\\home.php on line 10, referer: http://localhost/viernes12/login.php
[Fri Jun 12 12:55:42.502684 2026] [php:warn] [pid 14404:tid 1908] [client ::1:55736] PHP Warning:  Trying to access array offset on value of type null in C:\\Users\\luissaavaz\\Desktop\\efdesarrolloweb\\Servidor\\htdocs\\viernes12\\home.php on line 10, referer: http://localhost/viernes12/login.php
[Fri Jun 12 12:55:42.534389 2026] [php:warn] [pid 14404:tid 1908] [client ::1:55736] PHP Warning:  Undefined global variable $_SESSION in C:\\Users\\luissaavaz\\Desktop\\efdesarrolloweb\\Servidor\\htdocs\\viernes12\\home.php on line 8, referer: http://localhost/viernes12/login.php
[Fri Jun 12 12:55:42.534389 2026] [php:warn] [pid 14404:tid 1908] [client ::1:55736] PHP Warning:  Trying to access array offset on value of type null in C:\\Users\\luissaavaz\\Desktop\\efdesarrolloweb\\Servidor\\htdocs\\viernes12\\home.php on line 8, referer: http://localhost/viernes12/login.php
[Fri Jun 12 12:55:42.534389 2026] [php:warn] [pid 14404:tid 1908] [client ::1:55736] PHP Warning:  Trying to access array offset on value of type null in C:\\Users\\luissaavaz\\Desktop\\efdesarrolloweb\\Servidor\\htdocs\\viernes12\\home.php on line 8, referer: http://localhost/viernes12/login.php
[Fri Jun 12 12:55:42.534389 2026] [php:warn] [pid 14404:tid 1908] [client ::1:55736] PHP Warning:  Undefined global variable $_SESSION in C:\\Users\\luissaavaz\\Desktop\\efdesarrolloweb\\Servidor\\htdocs\\viernes12\\home.php on line 9, referer: http://localhost/viernes12/login.php
[Fri Jun 12 12:55:42.534389 2026] [php:warn] [pid 14404:tid 1908] [client ::1:55736] PHP Warning:  Trying to access array offset on value of type null in C:\\Users\\luissaavaz\\Desktop\\efdesarrolloweb\\Servidor\\htdocs\\viernes12\\home.php on line 9, referer: http://localhost/viernes12/login.php
[Fri Jun 12 12:55:42.534389 2026] [php:warn] [pid 14404:tid 1908] [client ::1:55736] PHP Warning:  Trying to access array offset on value of type null in C:\\Users\\luissaavaz\\Desktop\\efdesarrolloweb\\Servidor\\htdocs\\viernes12\\home.php on line 9, referer: http://localhost/viernes12/login.php
[Fri Jun 12 12:55:42.534389 2026] [php:warn] [pid 14404:tid 1908] [client ::1:55736] PHP Warning:  Undefined global variable $_SESSION in C:\\Users\\luissaavaz\\Desktop\\efdesarrolloweb\\Servidor\\htdocs\\viernes12\\home.php on line 10, referer: http://localhost/viernes12/login.php
[Fri Jun 12 12:55:42.534389 2026] [php:warn] [pid 14404:tid 1908] [client ::1:55736] PHP Warning:  Trying to access array offset on value of type null in C:\\Users\\luissaavaz\\Desktop\\efdesarrolloweb\\Servidor\\htdocs\\viernes12\\home.php on line 10, referer: http://localhost/viernes12/login.php
[Fri Jun 12 12:55:42.534389 2026] [php:warn] [pid 14404:tid 1908] [client ::1:55736] PHP Warning:  Trying to access array offset on value of type null in C:\\Users\\luissaavaz\\Desktop\\efdesarrolloweb\\Servidor\\htdocs\\viernes12\\home.php on line 10, referer: http://localhost/viernes12/login.php
[Fri Jun 12 12:55:42.534389 2026] [php:warn] [pid 14404:tid 1908] [client ::1:55736] PHP Warning:  Undefined global variable $_SESSION in C:\\Users\\luissaavaz\\Desktop\\efdesarrolloweb\\Servidor\\htdocs\\viernes12\\home.php on line 8, referer: http://localhost/viernes12/login.php
[Fri Jun 12 12:55:42.534389 2026] [php:warn] [pid 14404:tid 1908] [client ::1:55736] PHP Warning:  Trying to access array offset on value of type null in C:\\Users\\luissaavaz\\Desktop\\efdesarrolloweb\\Servidor\\htdocs\\viernes12\\home.php on line 8, referer: http://localhost/viernes12/login.php
[Fri Jun 12 12:55:42.534389 2026] [php:warn] [pid 14404:tid 1908] [client ::1:55736] PHP Warning:  Trying to access array offset on value of type null in C:\\Users\\luissaavaz\\Desktop\\efdesarrolloweb\\Servidor\\htdocs\\viernes12\\home.php on line 8, referer: http://localhost/viernes12/login.php
[Fri Jun 12 12:55:42.534389 2026] [php:warn] [pid 14404:tid 1908] [client ::1:55736] PHP Warning:  Undefined global variable $_SESSION in C:\\Users\\luissaavaz\\Desktop\\efdesarrolloweb\\Servidor\\htdocs\\viernes12\\home.php on line 9, referer: http://localhost/viernes12/login.php
[Fri Jun 12 12:55:42.534389 2026] [php:warn] [pid 14404:tid 1908] [client ::1:55736] PHP Warning:  Trying to access array offset on value of type null in C:\\Users\\luissaavaz\\Desktop\\efdesarrolloweb\\Servidor\\htdocs\\viernes12\\home.php on line 9, referer: http://localhost/viernes12/login.php
[Fri Jun 12 12:55:42.534389 2026] [php:warn] [pid 14404:tid 1908] [client ::1:55736] PHP Warning:  Trying to access array offset on value of type null in C:\\Users\\luissaavaz\\Desktop\\efdesarrolloweb\\Servidor\\htdocs\\viernes12\\home.php on line 9, referer: http://localhost/viernes12/login.php
[Fri Jun 12 12:55:42.534389 2026] [php:warn] [pid 14404:tid 1908] [client ::1:55736] PHP Warning:  Undefined global variable $_SESSION in C:\\Users\\luissaavaz\\Desktop\\efdesarrolloweb\\Servidor\\htdocs\\viernes12\\home.php on line 10, referer: http://localhost/viernes12/login.php
[Fri Jun 12 12:55:42.534389 2026] [php:warn] [pid 14404:tid 1908] [client ::1:55736] PHP Warning:  Trying to access array offset on value of type null in C:\\Users\\luissaavaz\\Desktop\\efdesarrolloweb\\Servidor\\htdocs\\viernes12\\home.php on line 10, referer: http://localhost/viernes12/login.php
[Fri Jun 12 12:55:42.534389 2026] [php:warn] [pid 14404:tid 1908] [client ::1:55736] PHP Warning:  Trying to access array offset on value of type null in C:\\Users\\luissaavaz\\Desktop\\efdesarrolloweb\\Servidor\\htdocs\\viernes12\\home.php on line 10, referer: http://localhost/viernes12/login.php
[Fri Jun 12 12:55:42.550052 2026] [php:warn] [pid 14404:tid 1908] [client ::1:55736] PHP Warning:  Undefined global variable $_SESSION in C:\\Users\\luissaavaz\\Desktop\\efdesarrolloweb\\Servidor\\htdocs\\viernes12\\home.php on line 8, referer: http://localhost/viernes12/login.php
[Fri Jun 12 12:55:42.550052 2026] [php:warn] [pid 14404:tid 1908] [client ::1:55736] PHP Warning:  Trying to access array offset on value of type null in C:\\Users\\luissaavaz\\Desktop\\efdesarrolloweb\\Servidor\\htdocs\\viernes12\\home.php on line 8, referer: http://localhost/viernes12/login.php
[Fri Jun 12 12:55:42.550052 2026] [php:warn] [pid 14404:tid 1908] [client ::1:55736] PHP Warning:  Trying to access array offset on value of type null in C:\\Users\\luissaavaz\\Desktop\\efdesarrolloweb\\Servidor\\htdocs\\viernes12\\home.php on line 8, referer: http://localhost/viernes12/login.php
[Fri Jun 12 12:55:42.550052 2026] [php:warn] [pid 14404:tid 1908] [client ::1:55736] PHP Warning:  Undefined global variable $_SESSION in C:\\Users\\luissaavaz\\Desktop\\efdesarrolloweb\\Servidor\\htdocs\\viernes12\\home.php on line 9, referer: http://localhost/viernes12/login.php
[Fri Jun 12 12:55:42.550052 2026] [php:warn] [pid 14404:tid 1908] [client ::1:55736] PHP Warning:  Trying to access array offset on value of type null in C:\\Users\\luissaavaz\\Desktop\\efdesarrolloweb\\Servidor\\htdocs\\viernes12\\home.php on line 9, referer: http://localhost/viernes12/login.php
[Fri Jun 12 12:55:42.550052 2026] [php:warn] [pid 14404:tid 1908] [client ::1:55736] PHP Warning:  Trying to access array offset on value of type null in C:\\Users\\luissaavaz\\Desktop\\efdesarrolloweb\\Servidor\\htdocs\\viernes12\\home.php on line 9, referer: http://localhost/viernes12/login.php
[Fri Jun 12 12:55:42.550052 2026] [php:warn] [pid 14404:tid 1908] [client ::1:55736] PHP Warning:  Undefined global variable $_SESSION in C:\\Users\\luissaavaz\\Desktop\\efdesarrolloweb\\Servidor\\htdocs\\viernes12\\home.php on line 10, referer: http://localhost/viernes12/login.php
[Fri Jun 12 12:55:42.550052 2026] [php:warn] [pid 14404:tid 1908] [client ::1:55736] PHP Warning:  Trying to access array offset on value of type null in C:\\Users\\luissaavaz\\Desktop\\efdesarrolloweb\\Servidor\\htdocs\\viernes12\\home.php on line 10, referer: http://localhost/viernes12/login.php
[Fri Jun 12 12:55:42.550052 2026] [php:warn] [pid 14404:tid 1908] [client ::1:55736] PHP Warning:  Trying to access array offset on value of type null in C:\\Users\\luissaavaz\\Desktop\\efdesarrolloweb\\Servidor\\htdocs\\viernes12\\home.php on line 10, referer: http://localhost/viernes12/login.php
[Fri Jun 12 12:55:42.565761 2026] [php:warn] [pid 14404:tid 1908] [client ::1:55736] PHP Warning:  Undefined global variable $_SESSION in C:\\Users\\luissaavaz\\Desktop\\efdesarrolloweb\\Servidor\\htdocs\\viernes12\\home.php on line 8, referer: http://localhost/viernes12/login.php
[Fri Jun 12 12:55:42.565761 2026] [php:warn] [pid 14404:tid 1908] [client ::1:55736] PHP Warning:  Trying to access array offset on value of type null in C:\\Users\\luissaavaz\\Desktop\\efdesarrolloweb\\Servidor\\htdocs\\viernes12\\home.php on line 8, referer: http://localhost/viernes12/login.php
[Fri Jun 12 12:55:42.565761 2026] [php:warn] [pid 14404:tid 1908] [client ::1:55736] PHP Warning:  Trying to access array offset on value of type null in C:\\Users\\luissaavaz\\Desktop\\efdesarrolloweb\\Servidor\\htdocs\\viernes12\\home.php on line 8, referer: http://localhost/viernes12/login.php
[Fri Jun 12 12:55:42.565761 2026] [php:warn] [pid 14404:tid 1908] [client ::1:55736] PHP Warning:  Undefined global variable $_SESSION in C:\\Users\\luissaavaz\\Desktop\\efdesarrolloweb\\Servidor\\htdocs\\viernes12\\home.php on line 9, referer: http://localhost/viernes12/login.php
[Fri Jun 12 12:55:42.565761 2026] [php:warn] [pid 14404:tid 1908] [client ::1:55736] PHP Warning:  Trying to access array offset on value of type null in C:\\Users\\luissaavaz\\Desktop\\efdesarrolloweb\\Servidor\\htdocs\\viernes12\\home.php on line 9, referer: http://localhost/viernes12/login.php
[Fri Jun 12 12:55:42.565761 2026] [php:warn] [pid 14404:tid 1908] [client ::1:55736] PHP Warning:  Trying to access array offset on value of type null in C:\\Users\\luissaavaz\\Desktop\\efdesarrolloweb\\Servidor\\htdocs\\viernes12\\home.php on line 9, referer: http://localhost/viernes12/login.php
[Fri Jun 12 12:55:42.565761 2026] [php:warn] [pid 14404:tid 1908] [client ::1:55736] PHP Warning:  Undefined global variable $_SESSION in C:\\Users\\luissaavaz\\Desktop\\efdesarrolloweb\\Servidor\\htdocs\\viernes12\\home.php on line 10, referer: http://localhost/viernes12/login.php
[Fri Jun 12 12:55:42.565761 2026] [php:warn] [pid 14404:tid 1908] [client ::1:55736] PHP Warning:  Trying to access array offset on value of type null in C:\\Users\\luissaavaz\\Desktop\\efdesarrolloweb\\Servidor\\htdocs\\viernes12\\home.php on line 10, referer: http://localhost/viernes12/login.php
[Fri Jun 12 12:55:42.565761 2026] [php:warn] [pid 14404:tid 1908] [client ::1:55736] PHP Warning:  Trying to access array offset on value of type null in C:\\Users\\luissaavaz\\Desktop\\efdesarrolloweb\\Servidor\\htdocs\\viernes12\\home.php on line 10, referer: http://localhost/viernes12/login.php
[Fri Jun 12 12:55:42.581445 2026] [php:warn] [pid 14404:tid 1908] [client ::1:55736] PHP Warning:  Undefined global variable $_SESSION in C:\\Users\\luissaavaz\\Desktop\\efdesarrolloweb\\Servidor\\htdocs\\viernes12\\home.php on line 8, referer: http://localhost/viernes12/login.php
[Fri Jun 12 12:55:42.581445 2026] [php:warn] [pid 14404:tid 1908] [client ::1:55736] PHP Warning:  Trying to access array offset on value of type null in C:\\Users\\luissaavaz\\Desktop\\efdesarrolloweb\\Servidor\\htdocs\\viernes12\\home.php on line 8, referer: http://localhost/viernes12/login.php
[Fri Jun 12 12:55:42.581445 2026] [php:warn] [pid 14404:tid 1908] [client ::1:55736] PHP Warning:  Trying to access array offset on value of type null in C:\\Users\\luissaavaz\\Desktop\\efdesarrolloweb\\Servidor\\htdocs\\viernes12\\home.php on line 8, referer: http://localhost/viernes12/login.php
[Fri Jun 12 12:55:42.581445 2026] [php:warn] [pid 14404:tid 1908] [client ::1:55736] PHP Warning:  Undefined global variable $_SESSION in C:\\Users\\luissaavaz\\Desktop\\efdesarrolloweb\\Servidor\\htdocs\\viernes12\\home.php on line 9, referer: http://localhost/viernes12/login.php
[Fri Jun 12 12:55:42.581445 2026] [php:warn] [pid 14404:tid 1908] [client ::1:55736] PHP Warning:  Trying to access array offset on value of type null in C:\\Users\\luissaavaz\\Desktop\\efdesarrolloweb\\Servidor\\htdocs\\viernes12\\home.php on line 9, referer: http://localhost/viernes12/login.php
[Fri Jun 12 12:55:42.581445 2026] [php:warn] [pid 14404:tid 1908] [client ::1:55736] PHP Warning:  Trying to access array offset on value of type null in C:\\Users\\luissaavaz\\Desktop\\efdesarrolloweb\\Servidor\\htdocs\\viernes12\\home.php on line 9, referer: http://localhost/viernes12/login.php
[Fri Jun 12 12:55:42.581445 2026] [php:warn] [pid 14404:tid 1908] [client ::1:55736] PHP Warning:  Undefined global variable $_SESSION in C:\\Users\\luissaavaz\\Desktop\\efdesarrolloweb\\Servidor\\htdocs\\viernes12\\home.php on line 10, referer: http://localhost/viernes12/login.php
[Fri Jun 12 12:55:42.581445 2026] [php:warn] [pid 14404:tid 1908] [client ::1:55736] PHP Warning:  Trying to access array offset on value of type null in C:\\Users\\luissaavaz\\Desktop\\efdesarrolloweb\\Servidor\\htdocs\\viernes12\\home.php on line 10, referer: http://localhost/viernes12/login.php
[Fri Jun 12 12:55:42.581445 2026] [php:warn] [pid 14404:tid 1908] [client ::1:55736] PHP Warning:  Trying to access array offset on value of type null in C:\\Users\\luissaavaz\\Desktop\\efdesarrolloweb\\Servidor\\htdocs\\viernes12\\home.php on line 10, referer: http://localhost/viernes12/login.php
[Fri Jun 12 12:55:47.654184 2026] [php:warn] [pid 14404:tid 1908] [client ::1:55736] PHP Warning:  Undefined global variable $_SESSION in C:\\Users\\luissaavaz\\Desktop\\efdesarrolloweb\\Servidor\\htdocs\\viernes12\\home.php on line 8, referer: http://localhost/viernes12/login.php
[Fri Jun 12 12:55:47.654184 2026] [php:warn] [pid 14404:tid 1908] [client ::1:55736] PHP Warning:  Trying to access array offset on value of type null in C:\\Users\\luissaavaz\\Desktop\\efdesarrolloweb\\Servidor\\htdocs\\viernes12\\home.php on line 8, referer: http://localhost/viernes12/login.php
[Fri Jun 12 12:55:47.654184 2026] [php:warn] [pid 14404:tid 1908] [client ::1:55736] PHP Warning:  Trying to access array offset on value of type null in C:\\Users\\luissaavaz\\Desktop\\efdesarrolloweb\\Servidor\\htdocs\\viernes12\\home.php on line 8, referer: http://localhost/viernes12/login.php
[Fri Jun 12 12:55:47.654184 2026] [php:warn] [pid 14404:tid 1908] [client ::1:55736] PHP Warning:  Undefined global variable $_SESSION in C:\\Users\\luissaavaz\\Desktop\\efdesarrolloweb\\Servidor\\htdocs\\viernes12\\home.php on line 9, referer: http://localhost/viernes12/login.php
[Fri Jun 12 12:55:47.654184 2026] [php:warn] [pid 14404:tid 1908] [client ::1:55736] PHP Warning:  Trying to access array offset on value of type null in C:\\Users\\luissaavaz\\Desktop\\efdesarrolloweb\\Servidor\\htdocs\\viernes12\\home.php on line 9, referer: http://localhost/viernes12/login.php
[Fri Jun 12 12:55:47.654184 2026] [php:warn] [pid 14404:tid 1908] [client ::1:55736] PHP Warning:  Trying to access array offset on value of type null in C:\\Users\\luissaavaz\\Desktop\\efdesarrolloweb\\Servidor\\htdocs\\viernes12\\home.php on line 9, referer: http://localhost/viernes12/login.php
[Fri Jun 12 12:55:47.654184 2026] [php:warn] [pid 14404:tid 1908] [client ::1:55736] PHP Warning:  Undefined global variable $_SESSION in C:\\Users\\luissaavaz\\Desktop\\efdesarrolloweb\\Servidor\\htdocs\\viernes12\\home.php on line 10, referer: http://localhost/viernes12/login.php
[Fri Jun 12 12:55:47.654184 2026] [php:warn] [pid 14404:tid 1908] [client ::1:55736] PHP Warning:  Trying to access array offset on value of type null in C:\\Users\\luissaavaz\\Desktop\\efdesarrolloweb\\Servidor\\htdocs\\viernes12\\home.php on line 10, referer: http://localhost/viernes12/login.php
[Fri Jun 12 12:55:47.654184 2026] [php:warn] [pid 14404:tid 1908] [client ::1:55736] PHP Warning:  Trying to access array offset on value of type null in C:\\Users\\luissaavaz\\Desktop\\efdesarrolloweb\\Servidor\\htdocs\\viernes12\\home.php on line 10, referer: http://localhost/viernes12/login.php
[Fri Jun 12 12:55:47.668966 2026] [php:warn] [pid 14404:tid 1908] [client ::1:55736] PHP Warning:  Undefined global variable $_SESSION in C:\\Users\\luissaavaz\\Desktop\\efdesarrolloweb\\Servidor\\htdocs\\viernes12\\home.php on line 8, referer: http://localhost/viernes12/login.php
[Fri Jun 12 12:55:47.668966 2026] [php:warn] [pid 14404:tid 1908] [client ::1:55736] PHP Warning:  Trying to access array offset on value of type null in C:\\Users\\luissaavaz\\Desktop\\efdesarrolloweb\\Servidor\\htdocs\\viernes12\\home.php on line 8, referer: http://localhost/viernes12/login.php
[Fri Jun 12 12:55:47.668966 2026] [php:warn] [pid 14404:tid 1908] [client ::1:55736] PHP Warning:  Trying to access array offset on value of type null in C:\\Users\\luissaavaz\\Desktop\\efdesarrolloweb\\Servidor\\htdocs\\viernes12\\home.php on line 8, referer: http://localhost/viernes12/login.php
[Fri Jun 12 12:55:47.668966 2026] [php:warn] [pid 14404:tid 1908] [client ::1:55736] PHP Warning:  Undefined global variable $_SESSION in C:\\Users\\luissaavaz\\Desktop\\efdesarrolloweb\\Servidor\\htdocs\\viernes12\\home.php on line 9, referer: http://localhost/viernes12/login.php
[Fri Jun 12 12:55:47.668966 2026] [php:warn] [pid 14404:tid 1908] [client ::1:55736] PHP Warning:  Trying to access array offset on value of type null in C:\\Users\\luissaavaz\\Desktop\\efdesarrolloweb\\Servidor\\htdocs\\viernes12\\home.php on line 9, referer: http://localhost/viernes12/login.php
[Fri Jun 12 12:55:47.668966 2026] [php:warn] [pid 14404:tid 1908] [client ::1:55736] PHP Warning:  Trying to access array offset on value of type null in C:\\Users\\luissaavaz\\Desktop\\efdesarrolloweb\\Servidor\\htdocs\\viernes12\\home.php on line 9, referer: http://localhost/viernes12/login.php
[Fri Jun 12 12:55:47.668966 2026] [php:warn] [pid 14404:tid 1908] [client ::1:55736] PHP Warning:  Undefined global variable $_SESSION in C:\\Users\\luissaavaz\\Desktop\\efdesarrolloweb\\Servidor\\htdocs\\viernes12\\home.php on line 10, referer: http://localhost/viernes12/login.php
[Fri Jun 12 12:55:47.668966 2026] [php:warn] [pid 14404:tid 1908] [client ::1:55736] PHP Warning:  Trying to access array offset on value of type null in C:\\Users\\luissaavaz\\Desktop\\efdesarrolloweb\\Servidor\\htdocs\\viernes12\\home.php on line 10, referer: http://localhost/viernes12/login.php
[Fri Jun 12 12:55:47.668966 2026] [php:warn] [pid 14404:tid 1908] [client ::1:55736] PHP Warning:  Trying to access array offset on value of type null in C:\\Users\\luissaavaz\\Desktop\\efdesarrolloweb\\Servidor\\htdocs\\viernes12\\home.php on line 10, referer: http://localhost/viernes12/login.php
[Fri Jun 12 12:55:47.703214 2026] [php:warn] [pid 14404:tid 1908] [client ::1:55736] PHP Warning:  Undefined global variable $_SESSION in C:\\Users\\luissaavaz\\Desktop\\efdesarrolloweb\\Servidor\\htdocs\\viernes12\\home.php on line 8, referer: http://localhost/viernes12/login.php
[Fri Jun 12 12:55:47.703214 2026] [php:warn] [pid 14404:tid 1908] [client ::1:55736] PHP Warning:  Trying to access array offset on value of type null in C:\\Users\\luissaavaz\\Desktop\\efdesarrolloweb\\Servidor\\htdocs\\viernes12\\home.php on line 8, referer: http://localhost/viernes12/login.php
[Fri Jun 12 12:55:47.704223 2026] [php:warn] [pid 14404:tid 1908] [client ::1:55736] PHP Warning:  Trying to access array offset on value of type null in C:\\Users\\luissaavaz\\Desktop\\efdesarrolloweb\\Servidor\\htdocs\\viernes12\\home.php on line 8, referer: http://localhost/viernes12/login.php
[Fri Jun 12 12:55:47.704223 2026] [php:warn] [pid 14404:tid 1908] [client ::1:55736] PHP Warning:  Undefined global variable $_SESSION in C:\\Users\\luissaavaz\\Desktop\\efdesarrolloweb\\Servidor\\htdocs\\viernes12\\home.php on line 9, referer: http://localhost/viernes12/login.php
[Fri Jun 12 12:55:47.704223 2026] [php:warn] [pid 14404:tid 1908] [client ::1:55736] PHP Warning:  Trying to access array offset on value of type null in C:\\Users\\luissaavaz\\Desktop\\efdesarrolloweb\\Servidor\\htdocs\\viernes12\\home.php on line 9, referer: http://localhost/viernes12/login.php
[Fri Jun 12 12:55:47.704223 2026] [php:warn] [pid 14404:tid 1908] [client ::1:55736] PHP Warning:  Trying to access array offset on value of type null in C:\\Users\\luissaavaz\\Desktop\\efdesarrolloweb\\Servidor\\htdocs\\viernes12\\home.php on line 9, referer: http://localhost/viernes12/login.php
[Fri Jun 12 12:55:47.704223 2026] [php:warn] [pid 14404:tid 1908] [client ::1:55736] PHP Warning:  Undefined global variable $_SESSION in C:\\Users\\luissaavaz\\Desktop\\efdesarrolloweb\\Servidor\\htdocs\\viernes12\\home.php on line 10, referer: http://localhost/viernes12/login.php
[Fri Jun 12 12:55:47.704223 2026] [php:warn] [pid 14404:tid 1908] [client ::1:55736] PHP Warning:  Trying to access array offset on value of type null in C:\\Users\\luissaavaz\\Desktop\\efdesarrolloweb\\Servidor\\htdocs\\viernes12\\home.php on line 10, referer: http://localhost/viernes12/login.php
[Fri Jun 12 12:55:47.704223 2026] [php:warn] [pid 14404:tid 1908] [client ::1:55736] PHP Warning:  Trying to access array offset on value of type null in C:\\Users\\luissaavaz\\Desktop\\efdesarrolloweb\\Servidor\\htdocs\\viernes12\\home.php on line 10, referer: http://localhost/viernes12/login.php
[Fri Jun 12 12:55:47.721573 2026] [php:warn] [pid 14404:tid 1908] [client ::1:55736] PHP Warning:  Undefined global variable $_SESSION in C:\\Users\\luissaavaz\\Desktop\\efdesarrolloweb\\Servidor\\htdocs\\viernes12\\home.php on line 8, referer: http://localhost/viernes12/login.php
[Fri Jun 12 12:55:47.721573 2026] [php:warn] [pid 14404:tid 1908] [client ::1:55736] PHP Warning:  Trying to access array offset on value of type null in C:\\Users\\luissaavaz\\Desktop\\efdesarrolloweb\\Servidor\\htdocs\\viernes12\\home.php on line 8, referer: http://localhost/viernes12/login.php
[Fri Jun 12 12:55:47.721573 2026] [php:warn] [pid 14404:tid 1908] [client ::1:55736] PHP Warning:  Trying to access array offset on value of type null in C:\\Users\\luissaavaz\\Desktop\\efdesarrolloweb\\Servidor\\htdocs\\viernes12\\home.php on line 8, referer: http://localhost/viernes12/login.php
[Fri Jun 12 12:55:47.721573 2026] [php:warn] [pid 14404:tid 1908] [client ::1:55736] PHP Warning:  Undefined global variable $_SESSION in C:\\Users\\luissaavaz\\Desktop\\efdesarrolloweb\\Servidor\\htdocs\\viernes12\\home.php on line 9, referer: http://localhost/viernes12/login.php
[Fri Jun 12 12:55:47.721573 2026] [php:warn] [pid 14404:tid 1908] [client ::1:55736] PHP Warning:  Trying to access array offset on value of type null in C:\\Users\\luissaavaz\\Desktop\\efdesarrolloweb\\Servidor\\htdocs\\viernes12\\home.php on line 9, referer: http://localhost/viernes12/login.php
[Fri Jun 12 12:55:47.721573 2026] [php:warn] [pid 14404:tid 1908] [client ::1:55736] PHP Warning:  Trying to access array offset on value of type null in C:\\Users\\luissaavaz\\Desktop\\efdesarrolloweb\\Servidor\\htdocs\\viernes12\\home.php on line 9, referer: http://localhost/viernes12/login.php
[Fri Jun 12 12:55:47.721573 2026] [php:warn] [pid 14404:tid 1908] [client ::1:55736] PHP Warning:  Undefined global variable $_SESSION in C:\\Users\\luissaavaz\\Desktop\\efdesarrolloweb\\Servidor\\htdocs\\viernes12\\home.php on line 10, referer: http://localhost/viernes12/login.php
[Fri Jun 12 12:55:47.721573 2026] [php:warn] [pid 14404:tid 1908] [client ::1:55736] PHP Warning:  Trying to access array offset on value of type null in C:\\Users\\luissaavaz\\Desktop\\efdesarrolloweb\\Servidor\\htdocs\\viernes12\\home.php on line 10, referer: http://localhost/viernes12/login.php
[Fri Jun 12 12:55:47.721573 2026] [php:warn] [pid 14404:tid 1908] [client ::1:55736] PHP Warning:  Trying to access array offset on value of type null in C:\\Users\\luissaavaz\\Desktop\\efdesarrolloweb\\Servidor\\htdocs\\viernes12\\home.php on line 10, referer: http://localhost/viernes12/login.php
[Fri Jun 12 12:55:47.738052 2026] [php:warn] [pid 14404:tid 1908] [client ::1:55736] PHP Warning:  Undefined global variable $_SESSION in C:\\Users\\luissaavaz\\Desktop\\efdesarrolloweb\\Servidor\\htdocs\\viernes12\\home.php on line 8, referer: http://localhost/viernes12/login.php
[Fri Jun 12 12:55:47.738052 2026] [php:warn] [pid 14404:tid 1908] [client ::1:55736] PHP Warning:  Trying to access array offset on value of type null in C:\\Users\\luissaavaz\\Desktop\\efdesarrolloweb\\Servidor\\htdocs\\viernes12\\home.php on line 8, referer: http://localhost/viernes12/login.php
[Fri Jun 12 12:55:47.738052 2026] [php:warn] [pid 14404:tid 1908] [client ::1:55736] PHP Warning:  Trying to access array offset on value of type null in C:\\Users\\luissaavaz\\Desktop\\efdesarrolloweb\\Servidor\\htdocs\\viernes12\\home.php on line 8, referer: http://localhost/viernes12/login.php
[Fri Jun 12 12:55:47.738052 2026] [php:warn] [pid 14404:tid 1908] [client ::1:55736] PHP Warning:  Undefined global variable $_SESSION in C:\\Users\\luissaavaz\\Desktop\\efdesarrolloweb\\Servidor\\htdocs\\viernes12\\home.php on line 9, referer: http://localhost/viernes12/login.php
[Fri Jun 12 12:55:47.738052 2026] [php:warn] [pid 14404:tid 1908] [client ::1:55736] PHP Warning:  Trying to access array offset on value of type null in C:\\Users\\luissaavaz\\Desktop\\efdesarrolloweb\\Servidor\\htdocs\\viernes12\\home.php on line 9, referer: http://localhost/viernes12/login.php
[Fri Jun 12 12:55:47.738052 2026] [php:warn] [pid 14404:tid 1908] [client ::1:55736] PHP Warning:  Trying to access array offset on value of type null in C:\\Users\\luissaavaz\\Desktop\\efdesarrolloweb\\Servidor\\htdocs\\viernes12\\home.php on line 9, referer: http://localhost/viernes12/login.php
[Fri Jun 12 12:55:47.738052 2026] [php:warn] [pid 14404:tid 1908] [client ::1:55736] PHP Warning:  Undefined global variable $_SESSION in C:\\Users\\luissaavaz\\Desktop\\efdesarrolloweb\\Servidor\\htdocs\\viernes12\\home.php on line 10, referer: http://localhost/viernes12/login.php
[Fri Jun 12 12:55:47.738052 2026] [php:warn] [pid 14404:tid 1908] [client ::1:55736] PHP Warning:  Trying to access array offset on value of type null in C:\\Users\\luissaavaz\\Desktop\\efdesarrolloweb\\Servidor\\htdocs\\viernes12\\home.php on line 10, referer: http://localhost/viernes12/login.php
[Fri Jun 12 12:55:47.738052 2026] [php:warn] [pid 14404:tid 1908] [client ::1:55736] PHP Warning:  Trying to access array offset on value of type null in C:\\Users\\luissaavaz\\Desktop\\efdesarrolloweb\\Servidor\\htdocs\\viernes12\\home.php on line 10, referer: http://localhost/viernes12/login.php
[Fri Jun 12 12:55:47.754217 2026] [php:warn] [pid 14404:tid 1908] [client ::1:55736] PHP Warning:  Undefined global variable $_SESSION in C:\\Users\\luissaavaz\\Desktop\\efdesarrolloweb\\Servidor\\htdocs\\viernes12\\home.php on line 8, referer: http://localhost/viernes12/login.php
[Fri Jun 12 12:55:47.754217 2026] [php:warn] [pid 14404:tid 1908] [client ::1:55736] PHP Warning:  Trying to access array offset on value of type null in C:\\Users\\luissaavaz\\Desktop\\efdesarrolloweb\\Servidor\\htdocs\\viernes12\\home.php on line 8, referer: http://localhost/viernes12/login.php
[Fri Jun 12 12:55:47.754217 2026] [php:warn] [pid 14404:tid 1908] [client ::1:55736] PHP Warning:  Trying to access array offset on value of type null in C:\\Users\\luissaavaz\\Desktop\\efdesarrolloweb\\Servidor\\htdocs\\viernes12\\home.php on line 8, referer: http://localhost/viernes12/login.php
[Fri Jun 12 12:55:47.754217 2026] [php:warn] [pid 14404:tid 1908] [client ::1:55736] PHP Warning:  Undefined global variable $_SESSION in C:\\Users\\luissaavaz\\Desktop\\efdesarrolloweb\\Servidor\\htdocs\\viernes12\\home.php on line 9, referer: http://localhost/viernes12/login.php
[Fri Jun 12 12:55:47.754217 2026] [php:warn] [pid 14404:tid 1908] [client ::1:55736] PHP Warning:  Trying to access array offset on value of type null in C:\\Users\\luissaavaz\\Desktop\\efdesarrolloweb\\Servidor\\htdocs\\viernes12\\home.php on line 9, referer: http://localhost/viernes12/login.php
[Fri Jun 12 12:55:47.754217 2026] [php:warn] [pid 14404:tid 1908] [client ::1:55736] PHP Warning:  Trying to access array offset on value of type null in C:\\Users\\luissaavaz\\Desktop\\efdesarrolloweb\\Servidor\\htdocs\\viernes12\\home.php on line 9, referer: http://localhost/viernes12/login.php
[Fri Jun 12 12:55:47.754217 2026] [php:warn] [pid 14404:tid 1908] [client ::1:55736] PHP Warning:  Undefined global variable $_SESSION in C:\\Users\\luissaavaz\\Desktop\\efdesarrolloweb\\Servidor\\htdocs\\viernes12\\home.php on line 10, referer: http://localhost/viernes12/login.php
[Fri Jun 12 12:55:47.754217 2026] [php:warn] [pid 14404:tid 1908] [client ::1:55736] PHP Warning:  Trying to access array offset on value of type null in C:\\Users\\luissaavaz\\Desktop\\efdesarrolloweb\\Servidor\\htdocs\\viernes12\\home.php on line 10, referer: http://localhost/viernes12/login.php
[Fri Jun 12 12:55:47.754217 2026] [php:warn] [pid 14404:tid 1908] [client ::1:55736] PHP Warning:  Trying to access array offset on value of type null in C:\\Users\\luissaavaz\\Desktop\\efdesarrolloweb\\Servidor\\htdocs\\viernes12\\home.php on line 10, referer: http://localhost/viernes12/login.php
[Fri Jun 12 12:55:47.786573 2026] [php:warn] [pid 14404:tid 1908] [client ::1:55736] PHP Warning:  Undefined global variable $_SESSION in C:\\Users\\luissaavaz\\Desktop\\efdesarrolloweb\\Servidor\\htdocs\\viernes12\\home.php on line 8, referer: http://localhost/viernes12/login.php
[Fri Jun 12 12:55:47.787587 2026] [php:warn] [pid 14404:tid 1908] [client ::1:55736] PHP Warning:  Trying to access array offset on value of type null in C:\\Users\\luissaavaz\\Desktop\\efdesarrolloweb\\Servidor\\htdocs\\viernes12\\home.php on line 8, referer: http://localhost/viernes12/login.php
[Fri Jun 12 12:55:47.787587 2026] [php:warn] [pid 14404:tid 1908] [client ::1:55736] PHP Warning:  Trying to access array offset on value of type null in C:\\Users\\luissaavaz\\Desktop\\efdesarrolloweb\\Servidor\\htdocs\\viernes12\\home.php on line 8, referer: http://localhost/viernes12/login.php
[Fri Jun 12 12:55:47.787587 2026] [php:warn] [pid 14404:tid 1908] [client ::1:55736] PHP Warning:  Undefined global variable $_SESSION in C:\\Users\\luissaavaz\\Desktop\\efdesarrolloweb\\Servidor\\htdocs\\viernes12\\home.php on line 9, referer: http://localhost/viernes12/login.php
[Fri Jun 12 12:55:47.787587 2026] [php:warn] [pid 14404:tid 1908] [client ::1:55736] PHP Warning:  Trying to access array offset on value of type null in C:\\Users\\luissaavaz\\Desktop\\efdesarrolloweb\\Servidor\\htdocs\\viernes12\\home.php on line 9, referer: http://localhost/viernes12/login.php
[Fri Jun 12 12:55:47.787587 2026] [php:warn] [pid 14404:tid 1908] [client ::1:55736] PHP Warning:  Trying to access array offset on value of type null in C:\\Users\\luissaavaz\\Desktop\\efdesarrolloweb\\Servidor\\htdocs\\viernes12\\home.php on line 9, referer: http://localhost/viernes12/login.php
[Fri Jun 12 12:55:47.787587 2026] [php:warn] [pid 14404:tid 1908] [client ::1:55736] PHP Warning:  Undefined global variable $_SESSION in C:\\Users\\luissaavaz\\Desktop\\efdesarrolloweb\\Servidor\\htdocs\\viernes12\\home.php on line 10, referer: http://localhost/viernes12/login.php
[Fri Jun 12 12:55:47.787587 2026] [php:warn] [pid 14404:tid 1908] [client ::1:55736] PHP Warning:  Trying to access array offset on value of type null in C:\\Users\\luissaavaz\\Desktop\\efdesarrolloweb\\Servidor\\htdocs\\viernes12\\home.php on line 10, referer: http://localhost/viernes12/login.php
[Fri Jun 12 12:55:47.787587 2026] [php:warn] [pid 14404:tid 1908] [client ::1:55736] PHP Warning:  Trying to access array offset on value of type null in C:\\Users\\luissaavaz\\Desktop\\efdesarrolloweb\\Servidor\\htdocs\\viernes12\\home.php on line 10, referer: http://localhost/viernes12/login.php
[Fri Jun 12 12:55:47.787587 2026] [php:warn] [pid 14404:tid 1908] [client ::1:55736] PHP Warning:  Undefined global variable $_SESSION in C:\\Users\\luissaavaz\\Desktop\\efdesarrolloweb\\Servidor\\htdocs\\viernes12\\home.php on line 8, referer: http://localhost/viernes12/login.php
[Fri Jun 12 12:55:47.787587 2026] [php:warn] [pid 14404:tid 1908] [client ::1:55736] PHP Warning:  Trying to access array offset on value of type null in C:\\Users\\luissaavaz\\Desktop\\efdesarrolloweb\\Servidor\\htdocs\\viernes12\\home.php on line 8, referer: http://localhost/viernes12/login.php
[Fri Jun 12 12:55:47.787587 2026] [php:warn] [pid 14404:tid 1908] [client ::1:55736] PHP Warning:  Trying to access array offset on value of type null in C:\\Users\\luissaavaz\\Desktop\\efdesarrolloweb\\Servidor\\htdocs\\viernes12\\home.php on line 8, referer: http://localhost/viernes12/login.php
[Fri Jun 12 12:55:47.787587 2026] [php:warn] [pid 14404:tid 1908] [client ::1:55736] PHP Warning:  Undefined global variable $_SESSION in C:\\Users\\luissaavaz\\Desktop\\efdesarrolloweb\\Servidor\\htdocs\\viernes12\\home.php on line 9, referer: http://localhost/viernes12/login.php
[Fri Jun 12 12:55:47.787587 2026] [php:warn] [pid 14404:tid 1908] [client ::1:55736] PHP Warning:  Trying to access array offset on value of type null in C:\\Users\\luissaavaz\\Desktop\\efdesarrolloweb\\Servidor\\htdocs\\viernes12\\home.php on line 9, referer: http://localhost/viernes12/login.php
[Fri Jun 12 12:55:47.787587 2026] [php:warn] [pid 14404:tid 1908] [client ::1:55736] PHP Warning:  Trying to access array offset on value of type null in C:\\Users\\luissaavaz\\Desktop\\efdesarrolloweb\\Servidor\\htdocs\\viernes12\\home.php on line 9, referer: http://localhost/viernes12/login.php
[Fri Jun 12 12:55:47.787587 2026] [php:warn] [pid 14404:tid 1908] [client ::1:55736] PHP Warning:  Undefined global variable $_SESSION in C:\\Users\\luissaavaz\\Desktop\\efdesarrolloweb\\Servidor\\htdocs\\viernes12\\home.php on line 10, referer: http://localhost/viernes12/login.php
[Fri Jun 12 12:55:47.787587 2026] [php:warn] [pid 14404:tid 1908] [client ::1:55736] PHP Warning:  Trying to access array offset on value of type null in C:\\Users\\luissaavaz\\Desktop\\efdesarrolloweb\\Servidor\\htdocs\\viernes12\\home.php on line 10, referer: http://localhost/viernes12/login.php
[Fri Jun 12 12:55:47.787587 2026] [php:warn] [pid 14404:tid 1908] [client ::1:55736] PHP Warning:  Trying to access array offset on value of type null in C:\\Users\\luissaavaz\\Desktop\\efdesarrolloweb\\Servidor\\htdocs\\viernes12\\home.php on line 10, referer: http://localhost/viernes12/login.php
[Fri Jun 12 12:55:47.819871 2026] [php:warn] [pid 14404:tid 1908] [client ::1:55736] PHP Warning:  Undefined global variable $_SESSION in C:\\Users\\luissaavaz\\Desktop\\efdesarrolloweb\\Servidor\\htdocs\\viernes12\\home.php on line 8, referer: http://localhost/viernes12/login.php
[Fri Jun 12 12:55:47.819871 2026] [php:warn] [pid 14404:tid 1908] [client ::1:55736] PHP Warning:  Trying to access array offset on value of type null in C:\\Users\\luissaavaz\\Desktop\\efdesarrolloweb\\Servidor\\htdocs\\viernes12\\home.php on line 8, referer: http://localhost/viernes12/login.php
[Fri Jun 12 12:55:47.820697 2026] [php:warn] [pid 14404:tid 1908] [client ::1:55736] PHP Warning:  Trying to access array offset on value of type null in C:\\Users\\luissaavaz\\Desktop\\efdesarrolloweb\\Servidor\\htdocs\\viernes12\\home.php on line 8, referer: http://localhost/viernes12/login.php
[Fri Jun 12 12:55:47.820697 2026] [php:warn] [pid 14404:tid 1908] [client ::1:55736] PHP Warning:  Undefined global variable $_SESSION in C:\\Users\\luissaavaz\\Desktop\\efdesarrolloweb\\Servidor\\htdocs\\viernes12\\home.php on line 9, referer: http://localhost/viernes12/login.php
[Fri Jun 12 12:55:47.820697 2026] [php:warn] [pid 14404:tid 1908] [client ::1:55736] PHP Warning:  Trying to access array offset on value of type null in C:\\Users\\luissaavaz\\Desktop\\efdesarrolloweb\\Servidor\\htdocs\\viernes12\\home.php on line 9, referer: http://localhost/viernes12/login.php
[Fri Jun 12 12:55:47.820697 2026] [php:warn] [pid 14404:tid 1908] [client ::1:55736] PHP Warning:  Trying to access array offset on value of type null in C:\\Users\\luissaavaz\\Desktop\\efdesarrolloweb\\Servidor\\htdocs\\viernes12\\home.php on line 9, referer: http://localhost/viernes12/login.php
[Fri Jun 12 12:55:47.820697 2026] [php:warn] [pid 14404:tid 1908] [client ::1:55736] PHP Warning:  Undefined global variable $_SESSION in C:\\Users\\luissaavaz\\Desktop\\efdesarrolloweb\\Servidor\\htdocs\\viernes12\\home.php on line 10, referer: http://localhost/viernes12/login.php
[Fri Jun 12 12:55:47.820697 2026] [php:warn] [pid 14404:tid 1908] [client ::1:55736] PHP Warning:  Trying to access array offset on value of type null in C:\\Users\\luissaavaz\\Desktop\\efdesarrolloweb\\Servidor\\htdocs\\viernes12\\home.php on line 10, referer: http://localhost/viernes12/login.php
[Fri Jun 12 12:55:47.820697 2026] [php:warn] [pid 14404:tid 1908] [client ::1:55736] PHP Warning:  Trying to access array offset on value of type null in C:\\Users\\luissaavaz\\Desktop\\efdesarrolloweb\\Servidor\\htdocs\\viernes12\\home.php on line 10, referer: http://localhost/viernes12/login.php
[Fri Jun 12 12:55:47.852185 2026] [php:warn] [pid 14404:tid 1908] [client ::1:55736] PHP Warning:  Undefined global variable $_SESSION in C:\\Users\\luissaavaz\\Desktop\\efdesarrolloweb\\Servidor\\htdocs\\viernes12\\home.php on line 8, referer: http://localhost/viernes12/login.php
[Fri Jun 12 12:55:47.853215 2026] [php:warn] [pid 14404:tid 1908] [client ::1:55736] PHP Warning:  Trying to access array offset on value of type null in C:\\Users\\luissaavaz\\Desktop\\efdesarrolloweb\\Servidor\\htdocs\\viernes12\\home.php on line 8, referer: http://localhost/viernes12/login.php
[Fri Jun 12 12:55:47.853215 2026] [php:warn] [pid 14404:tid 1908] [client ::1:55736] PHP Warning:  Trying to access array offset on value of type null in C:\\Users\\luissaavaz\\Desktop\\efdesarrolloweb\\Servidor\\htdocs\\viernes12\\home.php on line 8, referer: http://localhost/viernes12/login.php
[Fri Jun 12 12:55:47.853215 2026] [php:warn] [pid 14404:tid 1908] [client ::1:55736] PHP Warning:  Undefined global variable $_SESSION in C:\\Users\\luissaavaz\\Desktop\\efdesarrolloweb\\Servidor\\htdocs\\viernes12\\home.php on line 9, referer: http://localhost/viernes12/login.php
[Fri Jun 12 12:55:47.854227 2026] [php:warn] [pid 14404:tid 1908] [client ::1:55736] PHP Warning:  Trying to access array offset on value of type null in C:\\Users\\luissaavaz\\Desktop\\efdesarrolloweb\\Servidor\\htdocs\\viernes12\\home.php on line 9, referer: http://localhost/viernes12/login.php
[Fri Jun 12 12:55:47.854227 2026] [php:warn] [pid 14404:tid 1908] [client ::1:55736] PHP Warning:  Trying to access array offset on value of type null in C:\\Users\\luissaavaz\\Desktop\\efdesarrolloweb\\Servidor\\htdocs\\viernes12\\home.php on line 9, referer: http://localhost/viernes12/login.php
[Fri Jun 12 12:55:47.854227 2026] [php:warn] [pid 14404:tid 1908] [client ::1:55736] PHP Warning:  Undefined global variable $_SESSION in C:\\Users\\luissaavaz\\Desktop\\efdesarrolloweb\\Servidor\\htdocs\\viernes12\\home.php on line 10, referer: http://localhost/viernes12/login.php
[Fri Jun 12 12:55:47.854227 2026] [php:warn] [pid 14404:tid 1908] [client ::1:55736] PHP Warning:  Trying to access array offset on value of type null in C:\\Users\\luissaavaz\\Desktop\\efdesarrolloweb\\Servidor\\htdocs\\viernes12\\home.php on line 10, referer: http://localhost/viernes12/login.php
[Fri Jun 12 12:55:47.854227 2026] [php:warn] [pid 14404:tid 1908] [client ::1:55736] PHP Warning:  Trying to access array offset on value of type null in C:\\Users\\luissaavaz\\Desktop\\efdesarrolloweb\\Servidor\\htdocs\\viernes12\\home.php on line 10, referer: http://localhost/viernes12/login.php
[Fri Jun 12 13:39:13.828596 2026] [php:error] [pid 14404:tid 1900] [client ::1:53877] script 'C:/Users/luissaavaz/Desktop/efdesarrolloweb/Servidor/htdocs/avatar.php' not found or unable to stat
[Fri Jun 12 13:41:34.239848 2026] [php:warn] [pid 14404:tid 1896] [client ::1:62961] PHP Warning:  Undefined variable $ava in C:\\Users\\luissaavaz\\Desktop\\efdesarrolloweb\\Servidor\\htdocs\\viernes12\\avatar.php on line 26, referer: http://localhost/viernes12/home.php
[Fri Jun 12 13:41:52.575564 2026] [php:warn] [pid 14404:tid 1896] [client ::1:63136] PHP Warning:  Undefined variable $ava in C:\\Users\\luissaavaz\\Desktop\\efdesarrolloweb\\Servidor\\htdocs\\viernes12\\avatar.php on line 28, referer: http://localhost/viernes12/home.php
[Mon Jun 15 09:07:01.625991 2026] [ssl:warn] [pid 4008:tid 388] AH01909: www.example.com:443:0 server certificate does NOT include an ID which matches the server name
[Mon Jun 15 09:07:01.679886 2026] [core:warn] [pid 4008:tid 388] AH00098: pid file C:/Users/luissaavaz/Desktop/efdesarrolloweb/Servidor/apache/logs/httpd.pid overwritten -- Unclean shutdown of previous Apache run?
[Mon Jun 15 09:07:01.683691 2026] [ssl:warn] [pid 4008:tid 388] AH01909: www.example.com:443:0 server certificate does NOT include an ID which matches the server name
[Mon Jun 15 09:07:01.961788 2026] [mpm_winnt:notice] [pid 4008:tid 388] AH00455: Apache/2.4.58 (Win64) OpenSSL/3.1.3 PHP/8.2.12 configured -- resuming normal operations
[Mon Jun 15 09:07:01.961788 2026] [mpm_winnt:notice] [pid 4008:tid 388] AH00456: Apache Lounge VS17 Server built: Oct 18 2023 13:03:18
[Mon Jun 15 09:07:01.961788 2026] [core:notice] [pid 4008:tid 388] AH00094: Command line: 'c:\\users\\luissaavaz\\desktop\\efdesarrolloweb\\servidor\\apache\\bin\\httpd.exe -d C:/Users/luissaavaz/Desktop/efdesarrolloweb/Servidor/apache'
[Mon Jun 15 09:07:01.965903 2026] [mpm_winnt:notice] [pid 4008:tid 388] AH00418: Parent: Created child process 8020
[Mon Jun 15 09:07:02.267005 2026] [ssl:warn] [pid 8020:tid 368] AH01909: www.example.com:443:0 server certificate does NOT include an ID which matches the server name
